,country,country_long,name,capacity_mw,latitude,longitude,primary_fuel,estimated_generation_gwh
2,ALB,Albania,Koman,600.0,42.1033,19.8224,Hydro,1980.712788259958
1,ALB,Albania,Fierza,500.0,42.2514,20.0431,Hydro,1650.5939902166315
6,ALB,Albania,Vau i Dijes,250.0,42.0137,19.6359,Hydro,825.2969951083159
0,ALB,Albania,Bistrica 1,27.0,39.9116,20.1047,Hydro,89.13207547169813
5,ALB,Albania,Ulez,25.0,41.6796,19.8936,Hydro,82.52969951083159
4,ALB,Albania,Shkopet,24.0,41.6796,19.8305,Hydro,79.22851153039831
3,ALB,Albania,Lanabregas,5.0,41.3428,19.8964,Hydro,16.505939902166322
7,ALB,Albania,Vlora,98.0,40.4874,19.434,Other,0.0
15,DZA,Algeria,Hadjret Ennous,1200.0,36.5767,2.0797,Gas,4966.730351143026
24,DZA,Algeria,Koudiet Eddraouch,1200.0,36.885,8.0778,Gas,4966.730351143026
36,DZA,Algeria,Terga,1200.0,35.4608,-1.2295,Gas,4966.730351143026
28,DZA,Algeria,Msila 1,980.0,35.7071,4.4804,Gas,4056.1631201001373
26,DZA,Algeria,Marsat,840.0,35.8,-0.1924,Gas,3476.711245800119
33,DZA,Algeria,SKS IPP SNC Lavalin,815.0,36.8789,6.9366,Gas,3373.237696817972
29,DZA,Algeria,Ras Djinet,672.0,36.8509,3.6983,Gas,2781.3689966400952
18,DZA,Algeria,Hassi Messoud,600.0,31.6703,6.0531,Gas,2483.365175571513
39,DZA,Algeria,Tilghemt 2,600.0,33.1377,3.3678,Gas,2483.365175571513
22,DZA,Algeria,Jijel,588.0,36.8139,5.876,Gas,2433.6978720600832
43,AGO,Angola,Capanda,520.0,-9.7955,15.4672,Hydro,3401.6610433428496
47,AGO,Angola,Luanda Diesel,58.0,-8.8383,13.2344,Oil,1880.657414170928
42,AGO,Angola,Cambambe,180.0,-9.7523,14.4809,Hydro,1177.4980534648325
40,AGO,Angola,Biopio,22.8,-12.4706,13.7319,Oil,739.2929145361577
48,AGO,Angola,Luanda Refinery,18.5,-8.8383,13.2344,Oil,599.8648648648649
45,AGO,Angola,Huambo,16.26,-12.76,15.75,Oil,527.2325785244706
53,AGO,Angola,Xitoto,11.34,-15.3333,15.0,Oil,367.70094959824684
49,AGO,Angola,Malongo,10.0,-5.55,12.2,Oil,324.2512783053324
50,AGO,Angola,Matala,40.0,-14.7333,15.0333,Hydro,261.66623410329606
52,AGO,Angola,Rio Luachimo,16.0,-7.3,20.85,Hydro,104.66649364131844
284,ARG,Argentina,YACYRETA,1550.0,-27.4827,-56.7397,Hydro,6409.1258646500755
232,ARG,Argentina,NUEVO PUERTO,1217.7,-34.5721,-58.3835,Gas,6290.998095360777
248,ARG,Argentina,PIEDRA DEL AGUILA (CPSA),1400.0,-31.6651,-63.8314,Hydro,5788.887877748456
185,ARG,Argentina,EL CHOCON,1200.0,-39.2577,-68.7483,Hydro,4961.90389521296
182,ARG,Argentina,DOCK SUD,872.3,-34.6533,-58.342,Gas,4506.559611220502
93,ARG,Argentina,CENTRAL TERMOELECTRICA MANUEL BELGRANO,868.2,-24.6894,-65.0425,Gas,4485.37779945161
94,ARG,Argentina,CENTRAL TERMOELECTRICA TIMBUES,865.1400000000001,-32.5778,-60.791,Gas,4469.5689350582425
57,ARG,Argentina,ALICURA,1050.0,-40.58,-70.7489,Hydro,4341.665908311342
265,ARG,Argentina,SALTO GRANDE (MITAD ARGENTINA),945.0,-31.3891,-68.6752,Hydro,3907.499317480208
84,ARG,Argentina,CENTRAL T.GENELBA,673.6,-34.9027,-58.7334,Gas,3480.016684762273
285,ARM,Armenia,Armenian-2,375.0,40.1805,44.1498,Nuclear,2465.0
286,ARM,Armenia,Hrazadan,1110.0,40.564,44.7479,Gas,1890.6214396685655
288,ARM,Armenia,Sevan-Hrazdan Cascade,561.0,40.5078,44.7606,Hydro,1158.0435233160624
292,ARM,Armenia,Yerevan,550.0,40.1138,44.5038,Gas,936.7944070429828
287,ARM,Armenia,New Yerevan,271.0,40.1152,44.4973,Gas,461.5841532884516
289,ARM,Armenia,Shamb,170.0,39.4743,46.1306,Hydro,350.9222797927461
291,ARM,Armenia,Tatev,158.0,39.3956,46.2578,Hydro,326.15129533678754
290,ARM,Armenia,Spandaryan,76.0,39.6494,45.85,Hydro,156.88290155440416
444,AUS,Australia,Tarong,1400.0,-26.7824,151.9153,Coal,5685.922583233053
400,AUS,Australia,Munmorah,600.0,-33.2117,151.5418,Coal,2436.823964242737
453,AUS,Australia,Tomago Aluminium Smelter,810.0,-32.8217,151.7178,Gas,2042.6172526551763
411,AUS,Australia,Nyngan Solar Plant,102.0,-31.5527,147.0854,Solar,2039.896988786868
471,AUS,Australia,Wallerawang C,500.0,-33.4028,150.0833,Coal,2030.6866368689475
455,AUS,Australia,Torrens Island B,800.0,-34.8052,138.5226,Gas,2017.399755708816
440,AUS,Australia,Swanbank B,480.0,-27.6601,152.8145,Coal,1949.4591713941895
396,AUS,Australia,Muja D,454.0,-33.4464,116.3074,Coal,1843.8634662770044
445,AUS,Australia,Tarong North,443.0,-26.7758,151.9146,Coal,1799.1883602658872
330,AUS,Australia,Collie (Bluewaters),416.0,-33.331,116.229,Coal,1689.5312818749646
540,AUT,Austria,Malta main stage,730.0,47.0659,13.3539,Hydro,3607.1515966534757
566,AUT,Austria,Simmering,1272.0,48.1815,16.4334,Gas,3323.6923076923076
528,AUT,Austria,Kopswerk II,525.0,46.975,10.043,Hydro,2594.184367456267
521,AUT,Austria,KW Silz,500.0,47.2696,10.9678,Hydro,2470.6517785297783
522,AUT,Austria,Kaprun Limberg II,480.0,47.1985,12.7223,Hydro,2371.825707388587
519,AUT,Austria,KW Kaunertal,392.0,47.0678,10.6652,Hydro,1936.9909943673458
542,AUT,Austria,Mayrhofen,355.0,47.1581,11.8501,Hydro,1754.1627627561422
590,AUT,Austria,Wind Park Hollern II,37.0,48.09,16.844,Wind,1617.068181818182
560,AUT,Austria,Rodundwerk II,295.0,47.0847,9.8744,Hydro,1457.684549332569
512,AUT,Austria,Greifenstein,293.0,48.3553,16.2424,Hydro,1447.8019422184498
599,AZE,Azerbaijan,Janub,780.0,39.8943,48.9173,Gas,7574.811715481172
605,AZE,Azerbaijan,Sumqayit,525.0,40.6036,49.6332,Gas,5098.430962343095
604,AZE,Azerbaijan,Shimal,400.0,40.4995,50.2077,Gas,3884.518828451882
602,AZE,Azerbaijan,Sangachal ES,299.0,40.1794,49.47,Gas,2903.677824267782
597,AZE,Azerbaijan,Baku TEC,107.0,40.3734,49.9192,Gas,1039.1087866108787
596,AZE,Azerbaijan,Baku ES,105.0,40.3734,49.9192,Gas,1019.6861924686192
594,AZE,Azerbaijan,Astara ES,87.0,38.456,48.875,Gas,844.8828451882846
600,AZE,Azerbaijan,Khachmaz ES,87.0,41.4635,48.806,Gas,844.8828451882846
603,AZE,Azerbaijan,Shamkir,405.0,40.9487,46.168,Hydro,540.5544147843941
601,AZE,Azerbaijan,Mingechevir,402.0,40.79,47.0287,Hydro,536.5503080082136
610,BHR,Bahrain,Alba Power Station,2204.0,26.0945,50.6008,Gas,7928.463691576445
608,BHR,Bahrain,Al Dur Power and Water,1540.0,25.9714,50.6076,Gas,5539.852125693161
614,BHR,Bahrain,Sitra Power an Water Station,1205.0,26.1833,50.6237,Gas,4334.754423026142
612,BHR,Bahrain,Hidd Power and Water station 1,963.0,26.2223,50.6621,Gas,3464.206231845788
609,BHR,Bahrain,Al Ezzel Power Station,962.0,26.2175,50.6595,Gas,3460.608925270663
613,BHR,Bahrain,Rifa'a Power Station,700.0,26.1199,50.5889,Gas,2518.114602587801
611,BHR,Bahrain,Hawar Power ad Water Station,7.3,26.1981,50.5919,Oil,7.0
616,BGD,Bangladesh,Ashuganj (Aggreko),1649.0,24.0426,91.0158,Gas,8614.412113607848
634,BGD,Bangladesh,Horippur Power CCPP,946.0,23.6839,90.5314,Gas,4941.924717691342
630,BGD,Bangladesh,Ghorasal ST :Unit-3,861.0,23.9797,90.637,Gas,4497.882856165164
645,BGD,Bangladesh,Meghnaghat CCPP,855.0,23.6112,90.6007,Gas,4466.538724763317
626,BGD,Bangladesh,Chittagong Roazan,553.0,22.457,91.9784,Gas,2888.8841108703086
654,BGD,Bangladesh,Shahjibazar 330 MW,536.0,24.2532,91.3751,Gas,2800.075738565073
657,BGD,Bangladesh,Siddhirganj (Dutch Bangla),520.0,24.3884,89.7436,Gas,2716.491388160146
642,BGD,Bangladesh,Khulna (KPCL-2),510.0,22.8646,89.5357,Gas,2664.251169157066
622,BGD,Bangladesh,Bheramara GT (Unit-1 2 3),560.0,24.0487,89.0173,Oil,1795.71875
660,BGD,Bangladesh,Summit Bibiana-2,341.0,24.6358,91.6587,Gas,1781.3914680050186
676,BLR,Belarus,Lukoml Thermal Power Plant Belarus,2460.0,54.6803,29.1341,Gas,10087.12599373645
670,BLR,Belarus,Bereza SDPP Thermal Power Plant Belarus,1130.0,52.4538,25.1926,Gas,4633.517224765117
678,BLR,Belarus,Minsk-4 CHP CCGT Power Plant,1035.0,53.872,27.4022,Gas,4243.973741267165
679,BLR,Belarus,Minsk-5 CHP CCGT Power Plant,780.0,53.612,27.954,Gas,3198.35702240424
673,BLR,Belarus,Gomel-2 CHP Power Plant Belarus,544.0,52.4492,30.8167,Gas,2230.649000240906
677,BLR,Belarus,Minsk-3 CHP CCGT Power Plant,542.0,53.8799,27.6476,Gas,2222.448084798844
682,BLR,Belarus,Novopolotsk Thermal Power Plant Belarus,505.0,55.5265,28.549,Gas,2070.7311491206933
680,BLR,Belarus,Mogilev CHP-2 Thermal Power Plant Ukraine,345.0,53.8128,30.3421,Gas,1414.6579137557214
681,BLR,Belarus,Mozyr Thermal Power Plant Belarus,195.0,51.9049,29.3136,Gas,799.58925560106
671,BLR,Belarus,Bobruisk CHP-2 Power Plant Belarus,180.0,53.1895,29.2055,Gas,738.0823897855938
702,BEL,Belgium,DOEL 4,2910.0,51.3254,4.2597,Nuclear,16550.631138411693
739,BEL,Belgium,TIHANGE 3,2053.8,50.5342,5.2751,Nuclear,11680.991832326436
738,BEL,Belgium,TIHANGE 1N,962.0,50.5342,5.2751,Nuclear,5471.377029261871
724,BEL,Belgium,LANGERLO 1,470.0,50.9405,5.4906,Coal,4402.0
732,BEL,Belgium,RODENHUIZE 4,268.0,51.1341,3.777,Biomass,2648.9917355371904
705,BEL,Belgium,DROGENBOS TGV,465.0,50.8023,4.299,Gas,2326.5677680377607
711,BEL,Belgium,HERDERSBRUG STEG,465.0,51.2629,3.2112,Gas,2326.5677680377607
692,BEL,Belgium,Amercoeur 1 R TGV,451.0,50.4304,4.3955,Gas,2256.52056641942
737,BEL,Belgium,T-power Beringen,422.0,51.0586,5.1056,Gas,2111.4227916385707
727,BEL,Belgium,Marcinelle Energie (Carsid),405.0,50.4138,4.4067,Gas,2026.3654753877274
764,BOL,Bolivia,Guaracachi CCGT Power Plant Bolivia,350.0,-17.7875,-63.1521,Gas,2036.0350097776764
773,BOL,Bolivia,Valle Hermoso Power Plant Bolivia,167.0,-17.4302,-66.1169,Gas,971.4795618082055
757,BOL,Bolivia,Carrasco OCGT Power Plant Bolivia,152.6,-17.2125,-64.5275,Gas,887.7112642630667
763,BOL,Bolivia,Entre Rios Power Plant Bolivia,120.0,-21.52,-64.1714,Gas,698.069146209489
755,BOL,Bolivia,Bulo Bulo OCGT Power Plant Bolivia,90.0,-17.2424,-64.5409,Gas,523.5518596571168
770,BOL,Bolivia,Santa Isabel Hydroelectric Power Plant Bolivia,93.4,-17.1916,-65.8232,Hydro,468.1438432420396
762,BOL,Bolivia,El Alto (El Kenko) Power Plant Bolivia,80.42,-16.5653,-68.1811,Gas,467.8226728180592
760,BOL,Bolivia,Corani Hydroelectric Power Plant Bolivia,54.0,-17.2122,-65.8758,Hydro,270.66132264529057
774,BOL,Bolivia,Yanacachi Norte Hydroelectric Power Plant Bolivia,51.1,-16.3887,-67.7373,Hydro,256.1258071698953
769,BOL,Bolivia,Santa Cruz Power Plant Bolivia,42.3,-17.7549,-63.1398,Gas,246.06937403884487
793,BIH,Bosnia and Herzegovina,Tuzla CHP Power Plant Bosnia and Herzegovina,730.0,44.5215,18.6056,Coal,4163.050561797752
784,BIH,Bosnia and Herzegovina,Kakanj CHP Power Plant Bosnia and Herzegovina,450.0,44.0899,18.1143,Coal,2566.2640449438204
779,BIH,Bosnia and Herzegovina,Gacko Coal CHP Power Plant Bosnia and Herzegovina,300.0,43.1724,18.5128,Coal,1710.8426966292136
794,BIH,Bosnia and Herzegovina,Ugljevik CHP Coal Power Plant Bosnia and Herzegovina,300.0,44.6829,18.9671,Coal,1710.8426966292136
777,BIH,Bosnia and Herzegovina,Capljina Pumped Storage Power Plant Bosnia and Herzegovina,420.0,43.0133,17.8041,Hydro,1130.2199047834958
795,BIH,Bosnia and Herzegovina,Visegrad Hydroelectric Power Plant Bosnia and Herzegovina,315.0,43.7603,19.2891,Hydro,847.6649285876217
778,BIH,Bosnia and Herzegovina,Dubrovnik Hydroelectric Power Plant Bosnia and Herzegovina,216.0,42.6037,18.2357,Hydro,581.2559510315123
790,BIH,Bosnia and Herzegovina,Salakovac Hydroelectric Power Plant Bosnia and Herzegovina,210.0,43.4478,17.8369,Hydro,565.1099523917479
781,BIH,Bosnia and Herzegovina,Jablanica Hydroelectric Power Plant Bosnia and Herzegovina,180.0,43.6924,17.7325,Hydro,484.3799591929268
791,BIH,Bosnia and Herzegovina,Trebinje I Hydroelectric Power Plant Bosnia and Herzegovina,180.0,42.7338,18.4971,Hydro,484.3799591929268
2898,BRA,Brazil,Tucuruí,8535.0,-3.8322,-49.6522,Hydro,32510.42324226601
1833,BRA,Brazil,Itaipu (Parte Brasileira),7000.0,-25.4269,-54.5931,Hydro,26663.498851301938
1892,BRA,Brazil,Jirau,3750.0,-9.2664,-64.6478,Hydro,14284.017241768897
2654,BRA,Brazil,Santo Antônio,3568.0,-8.8011,-63.9497,Hydro,13590.76627163505
1799,BRA,Brazil,Ilha Solteira,3444.0,-20.3822,-51.3636,Hydro,13118.441434840557
1026,BRA,Brazil,Belo Monte,3327.4554399999997,-3.1264,-51.775,Hydro,12674.51490031406
3114,BRA,Brazil,Xingó,3162.0,-9.6209,-37.7924,Hydro,12044.283338259536
851,BRA,Brazil,Almirante Álvaro Alberto - Unidade II (Antiga Angra II),1350.0,-23.0072,-44.4588,Nuclear,10432.311557788946
2290,BRA,Brazil,Paulo Afonso IV,2462.4,-9.4132,-38.2106,Hydro,9379.45708163513
1856,BRA,Brazil,Itumbiara,2080.5,-18.4213,-49.116,Hydro,7924.772765733385
3139,BRN,Brunei Darussalam,Lumut Cogen Power Station Brunei,246.0,4.6654,114.4646,Gas,1872.7064846416379
3138,BRN,Brunei Darussalam,Gadong 2 Power Plant Brunei Darussalam,128.0,4.9111,114.9103,Gas,974.4163822525596
3137,BRN,Brunei Darussalam,Bukit Panggal CCGT Power Station Brunei,110.0,4.8282,114.7461,Gas,837.3890784982933
3136,BRN,Brunei Darussalam,Berakas CCGT Power Plant Brunei,102.0,4.9707,114.9303,Gas,776.4880546075087
3146,BGR,Bulgaria,KOZLODUY,2000.0,43.7438,23.7723,Nuclear,15867.0
3149,BGR,Bulgaria,Maritsa Itzok-2 power station,1602.0,42.2541,26.134,Coal,7024.2045688413245
3150,BGR,Bulgaria,Maritsa Itzok-3 power station,908.0,42.145,26.0025,Coal,3981.259518419428
3140,BGR,Bulgaria,AES Galabovo,670.0,42.1573,25.9084,Coal,2937.7135213006786
3141,BGR,Bulgaria,Bobov Dol power station,630.0,42.2855,23.0342,Coal,2762.327639431982
3153,BGR,Bulgaria,PSCHAIRA GEN,864.0,42.1603,23.8612,Hydro,2278.259448416752
3157,BGR,Bulgaria,SVETI NIKOLA,156.0,43.4229,28.376,Wind,1331.0
3142,BGR,Bulgaria,Brikel power station,240.0,42.1551,25.9072,Coal,1052.3152912121836
3152,BGR,Bulgaria,PSBELMEKEN,375.0,42.1996,23.8586,Hydro,988.8278855975486
3154,BGR,Bulgaria,RUSE,180.0,43.8662,26.0093,Coal,789.2364684091377
3169,KHM,Cambodia,Sihanoukville CIIDG power station,405.0,10.7326,103.5835,Coal,692.1089108910893
3164,KHM,Cambodia,Lower Russei Chrum,338.0,11.7818,103.0854,Hydro,688.6424642464248
3172,KHM,Cambodia,Stung Tatai,246.0,11.6346,103.2612,Hydro,501.20132013201317
3161,KHM,Cambodia,Kamchay,193.0,10.7041,104.1175,Hydro,393.21892189218926
3171,KHM,Cambodia,Stung Atai,120.0,12.0752,103.1899,Hydro,244.48844884488446
3162,KHM,Cambodia,Khmer Electric Power Diesel Power Plant,30.0,11.5238,104.873,Oil,183.02238805970146
3168,KHM,Cambodia,Sihanoukville CEL power station,100.0,10.7402,103.5808,Coal,170.8910891089109
3166,KHM,Cambodia,Phnom Penh Diesel,18.6,11.5904,104.9153,Oil,113.47388059701493
3170,KHM,Cambodia,Sihanoukville Diesel,5.0,10.6124,103.6287,Oil,30.503731343283576
3163,KHM,Cambodia,Kirirom I,12.0,11.2377,104.0343,Hydro,24.448844884488448
3180,CMR,Cameroon,Song Loulou,396.0,4.078,10.4649,Hydro,3184.589019358933
3175,CMR,Cameroon,Edea,154.2,3.8127,10.1278,Hydro,1240.0596635988572
3177,CMR,Cameroon,Kribi,200.0,3.01,9.96,Gas,896.0
3178,CMR,Cameroon,Lagdo,80.0,9.0594,13.6882,Hydro,643.3513170422087
3176,CMR,Cameroon,Garoua,16.0,9.3,13.4,Oil,275.9050214091086
3174,CMR,Cameroon,Douala Bassa,14.14,4.05,9.7,Oil,243.83106267029973
3173,CMR,Cameroon,Bafoussam,10.62,5.4667,10.4167,Oil,183.13195796029584
3179,CMR,Cameroon,Limbe,10.62,4.0167,9.2,Oil,183.13195796029584
3433,CAN,Canada,Darlington,3740.0,43.8697,-78.7239,Nuclear,28252.82166409429
4021,CAN,Canada,Robert-Bourassa,5616.0,53.7818,-77.5305,Hydro,26629.34675210389
3385,CAN,Canada,Churchill Falls,5428.0,53.5294,-63.9651,Hydro,25737.90850612891
3313,CAN,Canada,Bruce B,3390.0,44.319,-81.6027,Nuclear,25608.84102708012
3312,CAN,Canada,Bruce A,3220.0,44.3391,-81.5747,Nuclear,24324.621860530377
3934,CAN,Canada,Pickering B,2160.0,43.8096,-79.0639,Nuclear,16317.137645573172
4186,CAN,Canada,Sundance,2141.0,53.5075,-114.5569,Coal,14179.4144494474
3694,CAN,Canada,La Grande-4,2779.0,53.8864,-73.466,Hydro,13177.16428491751
3811,CAN,Canada,Mica,2746.0,52.0759,-118.5705,Hydro,13020.688422592111
3525,CAN,Canada,G.M. Shrum,2730.0,56.0148,-122.1957,Hydro,12944.821337828284
4573,CHL,Chile,TERMOELECTRICA TOCOPILLA (U12),1001.7,-22.091,-70.2126,Coal,5383.088303881293
4422,CHL,Chile,GUACOLDA,760.0,-28.4673,-71.2573,Coal,4084.203964210624
4489,CHL,Chile,NEHUENCO,874.7,-32.9366,-71.3231,Gas,3641.0486654804076
4343,CHL,Chile,ATACAMA (CC1-CC2),767.8,-23.0898,-70.4168,Gas,3196.063982343497
4568,CHL,Chile,TERMOELECTRICA ANGAMOS 1(ANG1)_ 2(ANG2),488.3,-23.0677,-70.369,Coal,2624.101047005326
4349,CHL,Chile,BOCAMINA (I-II),478.0,-37.0215,-73.1673,Coal,2568.749335385103
4525,CHL,Chile,RALCO,690.0,-37.9969,-71.5199,Hydro,2486.475819032761
4500,CHL,Chile,PEHUENCHE,570.0,-35.7338,-71.1555,Hydro,2054.0452418096725
4546,CHL,Chile,SANTA MARIA,341.991,-37.042,-73.13,Coal,1837.8434183215206
4584,CHL,Chile,VENTANAS,322.0,-32.7493,-71.4812,Coal,1730.4127322050274
7035,CHN,China,Three Gorges Dam,22500.0,30.8235,111.0032,Hydro,92452.5703250953
4625,CHN,China,Baihetan Dam,13050.0,28.2606,103.6484,Hydro,53622.490788555275
7221,CHN,China,Xiluodu,12600.0,28.26,103.65,Hydro,51773.439382053366
5039,CHN,China,East Hope Metals Wucaiwan power station,7000.0,44.6885,89.1138,Coal,30141.21843472656
4969,CHN,China,Datang Tuoketuo power station,6720.0,40.1947,111.3589,Coal,28935.569697337494
7187,CHN,China,Xiangjiaba,6448.0,28.6437,104.393,Hydro,26494.852153609532
6334,CHN,China,Longtan,6300.0,25.0277,107.0431,Hydro,25886.719691026683
6520,CHN,China,Nuozhadu,5850.0,22.6409,100.4287,Hydro,24037.66828452477
7107,CHN,China,Waigaoqiao power station,5240.0,31.3536,121.6003,Coal,22562.854942566737
5309,CHN,China,Guodian Beilun power station,5060.0,29.9433,121.8131,Coal,21787.79503995949
7641,COL,Colombia,San Carlos,1246.0,6.2108,-74.8405,Hydro,9253.420675231551
7635,COL,Colombia,Gavio,1200.0,4.7247,-73.4831,Hydro,8911.801613385122
7634,COL,Colombia,Chivor,1000.0,4.9008,-73.2969,Hydro,7426.501344487601
7642,COL,Colombia,Sogamoso,820.0,7.1003,-73.4056,Hydro,6089.731102479833
7640,COL,Colombia,Porce III,660.0,6.9394,-75.1398,Hydro,4901.490887361817
7633,COL,Colombia,Central Guatapé,560.0,6.32,-75.1659,Hydro,4158.840752913056
7643,COL,Colombia,Termobarranquilla,918.0,10.9368,-74.7643,Gas,3849.2714453584017
7639,COL,Colombia,Miel I,396.0,5.5606,-74.8866,Hydro,2940.89453241709
7645,COL,Colombia,Termoflores,670.0,11.0253,-74.8112,Gas,2809.381120250685
7630,COL,Colombia,Cantral La Tasajera,306.0,6.3771,-75.4478,Hydro,2272.5094114132057
7658,COG,Congo,Pointe-Noire Sne,300.0,-4.9154,11.9362,Gas,703.5714285714287
7654,COG,Congo,Imboulou,120.0,-2.97,16.08,Hydro,521.6438356164383
7656,COG,Congo,Moukoukoulou,74.0,-3.8988,13.7654,Hydro,321.68036529680364
7652,COG,Congo,Djeno Eni,36.0,-4.891,11.9154,Gas,84.42857142857143
7653,COG,Congo,Djoue,15.0,-4.3012,15.2067,Hydro,65.20547945205479
7659,COG,Congo,Sounda Gorge,10.0,-4.0767,12.1569,Hydro,43.47031963470321
7655,COG,Congo,Loango,45.3,-2.9872,12.0608,Oil,0.0
7657,COG,Congo,Mpila,25.6,-4.2496,15.3025,Oil,0.0
7661,CRI,Costa Rica,Angostura Hydroelectric Power Station Costa Rica,210.0,9.9221,-83.6423,Hydro,1086.7257318952234
7667,CRI,Costa Rica,Corobici (Miguel Pablo Dengo) Hydroelectric Power Plant Costa Rica,180.0,10.4695,-85.0763,Hydro,931.4791987673344
7672,CRI,Costa Rica,Miravalles I and II Geothermal Power Plant Costa Rica,115.0,10.7002,-85.1944,Geothermal,889.0173410404625
7662,CRI,Costa Rica,Arenal Hydroelectric Power Plant Costa Rica,157.5,10.4755,-84.9989,Hydro,815.0442989214175
7679,CRI,Costa Rica,Pirris Hydroelectric Power Station Costa Rica,134.0,9.6314,-84.198,Hydro,693.4345146379045
7680,CRI,Costa Rica,Rio Macho Hydroelectic Power Plant Costa Rica,120.0,9.7757,-83.8414,Hydro,620.9861325115562
7666,CRI,Costa Rica,Cachi Hydroelectric Power Station Costa Rica,102.0,9.8407,-83.8037,Hydro,527.8382126348229
7676,CRI,Costa Rica,Moin II and III Power Plant Costa Rica,234.45,9.9935,-83.1,Oil,524.2391467467038
7685,CRI,Costa Rica,Ventanas-Garita Hydroelectric Power Station Costa Rica,97.4,9.9443,-84.3506,Hydro,504.0337442218799
7669,CRI,Costa Rica,Garabito ICE Power Plant Costa Rica,200.0,10.0444,-84.7601,Oil,447.2076321149105
7688,CIV,Cote DIvoire,Azito OCGT Power Plant Ivory Coast,294.0,5.3015,-4.0763,Gas,2820.745033112583
7693,CIV,Cote DIvoire,Vridi CIPREL OCGT Power Plant Cote DIvoire,210.0,5.2612,-4.0096,Gas,2014.8178807947022
7690,CIV,Cote DIvoire,Centrale Vridi OCGT Power Plant Cote DIvoire,100.0,5.2579,-4.0079,Gas,959.4370860927153
7692,CIV,Cote DIvoire,Taabo Hydroelectric Power Plant Cote dIvoire,210.0,6.2093,-5.0829,Hydro,670.6677796327211
7691,CIV,Cote DIvoire,Kossou Hydroelectric Power Plant Cote dIvoire,174.0,7.0304,-5.473,Hydro,555.6961602671118
7689,CIV,Cote DIvoire,Buyo Hydroelectric Power Plant Cote dIvoire,165.0,6.2422,-7.0453,Hydro,526.9532554257096
7687,CIV,Cote DIvoire,Ayame (Ayme) II Hydroelectric Power Plant Cote dIvoire,30.0,5.5819,-3.1591,Hydro,95.8096828046745
7686,CIV,Cote DIvoire,Ayame (Ayme) I Hydroelectric Power Plant Cote dIvoire,20.0,5.6058,-3.1691,Hydro,63.87312186978297
7717,HRV,Croatia,Zakucac Hydroelectric Power Plant Croatia,522.0,43.4581,16.7027,Hydro,2935.3854686633395
7708,HRV,Croatia,Plomin Thermal Power Plant Croatia,330.0,45.137,14.164,Coal,2368.0
7704,HRV,Croatia,Orlovac Hydroelectric Power Plant Croatia,237.0,43.6737,16.784,Hydro,1332.7324828988721
7710,HRV,Croatia,Senj Hydroelectric Power System Croatia Croatia,216.0,44.9429,14.9276,Hydro,1214.6422628951746
7716,HRV,Croatia,Zagreb Te-To CHP Power Plant Croatia,328.0,45.7816,16.0169,Gas,564.8951529735305
7713,HRV,Croatia,Varazdin Hydroelectric Power Plant Croatia Croatia,94.0,46.3479,16.2684,Hydro,528.594318111789
7714,HRV,Croatia,Vinodol Hydroelectric Power System Croatia Croatia,90.0,45.2286,14.6736,Hydro,506.10094287298944
7694,HRV,Croatia,Cakovec Hydroelectric Power Plant Croatia Croatia,76.0,46.3113,16.4945,Hydro,427.37412953719115
7696,HRV,Croatia,Dubrava Hydroelectric Power Plant Croatia Croatia,76.0,46.3205,16.7489,Hydro,427.37412953719115
7707,HRV,Croatia,Peruca Hydroelectric Power Plant Croatia,60.0,43.7951,16.5968,Hydro,337.400628581993
7725,CUB,Cuba,Havana TPP,500.0,23.1235,-82.412,Oil,2345.6900136636373
7726,CUB,Cuba,Lidio Perez (felton) Powerplant,500.0,20.7408,-75.655,Oil,2345.6900136636373
7720,CUB,Cuba,Antonio Maceo (rente) Powerplant,450.0,19.9945,-75.8706,Oil,2111.1210122972734
7727,CUB,Cuba,Máximo Gómez (Mariel),450.0,23.02,-82.7502,Oil,2111.1210122972734
7722,CUB,Cuba,Carlos De Cespedes Powerplant,382.0,22.1589,-80.4552,Oil,1792.1071704390185
7721,CUB,Cuba,Boca de Jaruco,238.0,23.1822,-82.0171,Gas,1617.9367396593673
7719,CUB,Cuba,Antonio Guiteras Powerplant,330.0,23.0687,-81.5379,Oil,1548.1554090180005
7728,CUB,Cuba,Santa Cruz,300.0,23.1592,-81.9538,Oil,1407.4140081981823
7718,CUB,Cuba,10 De Octubre (nuevitas) Powerplant,280.0,21.5656,-77.2711,Oil,1313.5864076516368
7729,CUB,Cuba,Varadero Powerplant,173.0,23.0879,-81.2695,Gas,1176.0632603406325
7730,CYP,Cyprus,Dhekelia Power Plant Cyprus,460.0,34.9809,33.7439,Oil,3091.9666666666667
7731,CYP,Cyprus,Moni Power Station Cyprus,140.0,34.7106,33.1825,Oil,941.0333333333333
7732,CYP,Cyprus,Vasilikos Power Plant Cyprus,868.0,34.7286,33.29,Gas,0.0
7735,COD,Democratic Republic of the Congo,Inga II,1775.0,-5.5267,13.6206,Hydro,5186.00106002385
7741,COD,Democratic Republic of the Congo,Nseke,260.0,-10.3044,25.4068,Hydro,759.6395918908175
7742,COD,Democratic Republic of the Congo,Nzilo,228.0,-10.5024,25.4458,Hydro,666.1454882734861
7747,COD,Democratic Republic of the Congo,Zongo II,150.0,-4.7779,14.9059,Hydro,438.25361070624086
7734,COD,Democratic Republic of the Congo,Imboulou,120.0,-2.9347,16.1278,Hydro,350.60288856499267
7745,COD,Democratic Republic of the Congo,Ruzizi I,81.0,-2.6334,28.9027,Hydro,236.6569497813701
7746,COD,Democratic Republic of the Congo,Zongo 1,75.0,-4.7779,14.9059,Hydro,219.12680535312043
7739,COD,Democratic Republic of the Congo,Moukoukoulou,74.0,-3.8945,13.7643,Hydro,216.2051146150788
7738,COD,Democratic Republic of the Congo,M'Sha,68.0,-10.752,27.245,Hydro,198.6749701868292
7740,COD,Democratic Republic of the Congo,Mwadingusha,68.0,-10.7452,27.2447,Hydro,198.6749701868292
7750,DNK,Denmark,Anholt,399.6,56.603,11.209,Wind,3711.645763795185
7761,DNK,Denmark,Herning CHP,88.0,56.1214,9.0068,Biomass,3407.0
7764,DNK,Denmark,Horns Rev B,209.3,55.6,7.5825,Wind,1944.0627086144448
7774,DNK,Denmark,Roedsand 2,207.0,54.5228,11.5447,Wind,1922.6993821461544
7752,DNK,Denmark,Avedoerevaerket (AvedÃ¸re),815.0,55.6035,12.4812,Coal,1771.8923167616429
7751,DNK,Denmark,Asnaes power station,787.0,55.6615,11.0809,Coal,1711.01748870112
7781,DNK,Denmark,Studstrupvaerket,730.0,56.2521,10.3423,Coal,1587.093731577913
7769,DNK,Denmark,Nordjylland power station,716.0,57.0736,10.0416,Coal,1556.656317547652
7773,DNK,Denmark,Roedsand 1,165.6,54.54,11.715,Wind,1538.1595057169236
7763,DNK,Denmark,Horns Rev A,160.0,55.5297,7.9062,Wind,1486.1444499680424
7795,DOM,Dominican Republic,Quisqueya 2,430.0,18.4931,-69.3509,Oil,4924.061757719715
7785,DOM,Dominican Republic,AES Andres,319.0,18.4074,-69.6343,Gas,3993.0
7787,DOM,Dominican Republic,Haina TG,184.9,18.424,-70.0209,Oil,2117.346555819477
7788,DOM,Dominican Republic,Itabo power station,260.0,18.4058,-70.0271,Coal,2110.688524590164
7793,DOM,Dominican Republic,Monte Rio,100.1,18.3507,-70.8332,Oil,1146.2757719714964
7796,DOM,Dominican Republic,Sultana del Este,85.0,18.4515,-69.3172,Oil,973.3610451306413
7797,DOM,Dominican Republic,Tavera 1,96.0,19.3104,-70.7437,Hydro,669.6199744594653
7790,DOM,Dominican Republic,Los Cocos 2,52.0,17.8726,-71.2892,Wind,608.0
7794,DOM,Dominican Republic,Palomino 1,81.6,18.9228,-71.01,Hydro,569.1769782905455
7791,DOM,Dominican Republic,Metaldom,42.0,18.4361,-69.947,Oil,480.9548693586697
7803,ECU,Ecuador,Coca Coda Sinclair,1500.0,-0.1443,-77.617,Hydro,5281.287642272426
7812,ECU,Ecuador,Paute,1100.0,-2.595,-78.2274,Hydro,3872.944270999777
7802,ECU,Ecuador,Central Termica Trinitaria,133.0,-2.2519,-79.91,Oil,2590.011969392553
7805,ECU,Ecuador,Esmeraldas,132.5,0.9266,-79.6878,Oil,2580.275082289574
7806,ECU,Ecuador,Esmeraldas II,96.0,0.9349,-79.6914,Oil,1869.4823237720689
7817,ECU,Ecuador,Sopladora II,487.0,-2.5938,-78.5666,Hydro,1714.6580545244476
7804,ECU,Ecuador,Electroquil,181.0,-2.2333,-80.0667,Gas,1240.1922670610604
7811,ECU,Ecuador,Miraflores,52.3,0.0333,-78.15,Oil,1018.478390971658
7807,ECU,Ecuador,Gonzalo Zevallos,146.0,-2.1957,-79.9539,Gas,1000.376082822734
7808,ECU,Ecuador,Gualberto Hernandez,34.32,-0.2299,-78.525,Oil,668.3399307485147
7818,EGY,Egypt,Assiut,90.0,27.1757,31.2013,Oil,17335.0
7820,EGY,Egypt,North Giza,2250.0,30.2483,30.9471,Gas,14591.114457831323
7819,EGY,Egypt,El-Tebeen,700.0,29.776,31.2983,Gas,4539.4578313253005
7821,EGY,Egypt,PortSaid East,683.0,31.0995,32.5202,Gas,4429.213855421685
7822,EGY,Egypt,Suez Gulf,683.0,29.6188,32.3532,Gas,4429.213855421685
7824,SLV,El Salvador,Acajutla Thermal Power Plant El Salvador,324.0,13.5834,-89.8239,Oil,1710.0000000000002
7826,SLV,El Salvador,Berlin Geothermal Power Plant El Salvador,109.0,13.525,-88.5089,Geothermal,832.4607843137254
7830,SLV,El Salvador,Nejapa IC Power Plant El Salvador,151.2,13.7778,-89.2013,Oil,798.0
7825,SLV,El Salvador,Ahuachapan Geothermal Power Plant El Salvador,95.0,13.9202,-89.8174,Geothermal,725.5392156862746
7823,SLV,El Salvador,15 de Septiembre Hydroelectric Power Plant El Salvador,180.2,13.6231,-88.5602,Hydro,659.67099936075
7827,SLV,El Salvador,Cerron Grande Hydroelectric Power Plant El Salvador,170.0,13.9386,-88.9014,Hydro,622.3311314724058
7828,SLV,El Salvador,Cinco de Noviembre Hydroelectric Power Plant El Salvador,99.4,13.9908,-88.7579,Hydro,363.8806733432773
7829,SLV,El Salvador,Guajoyo Hydroelectric Power Plant El Salvador,19.7,14.2279,-89.4727,Hydro,72.11719582356702
7832,EST,Estonia,Aulepa,48.0,59.087,23.6144,Wind,104.32529686937748
7840,EST,Estonia,Paldiski,45.0,59.3717,24.0808,Wind,97.80496581504137
7838,EST,Estonia,Narva Ashfield Wind park,39.1,59.3432,28.0582,Wind,84.9816480748471
7842,EST,Estonia,Tooma-Esviere Wind Park,36.0,58.6286,23.5307,Wind,78.24397265203311
7831,EST,Estonia,Aseriaru,24.0,59.4521,26.8259,Wind,52.16264843468874
7847,EST,Estonia,Viru Nigula,24.0,59.4427,26.7654,Wind,52.16264843468874
7836,EST,Estonia,Kiisa AREJ 2,250.0,59.2439,24.7064,Gas,40.780141843971634
7839,EST,Estonia,Pakri,18.4,59.3806,24.0568,Wind,39.99136379992803
7834,EST,Estonia,Eesti Elektrijaam,1369.0,59.2748,27.9046,Oil,31.975556762629004
7835,EST,Estonia,IRU Elektrijaam,173.0,59.4514,24.9246,Gas,28.21985815602837
7856,ETH,Ethiopia,Gilgel Gibe III,1870.0,6.8482,37.3018,Hydro,4509.9538372764
7851,ETH,Ethiopia,Beles,460.0,11.8196,36.9181,Hydro,1109.4004091695956
7855,ETH,Ethiopia,Gilgel Gibe II,420.0,7.7571,37.5624,Hydro,1012.9308083722394
7859,ETH,Ethiopia,Tekeze,300.0,13.3492,38.7405,Hydro,723.522005980171
7854,ETH,Ethiopia,Gilgel Gibe I,184.0,7.8349,37.3236,Hydro,443.7601636678383
7848,ETH,Ethiopia,Adama,204.0,8.5913,39.2495,Wind,392.0
7858,ETH,Ethiopia,Melka Wekana,153.0,7.1761,39.4311,Hydro,368.99622304988725
7852,ETH,Ethiopia,Fincha,134.0,9.558,37.3663,Hydro,323.17316267114313
7853,ETH,Ethiopia,Fincha Amerti Nesha,100.0,9.558,37.3663,Hydro,241.1740019933904
7860,ETH,Ethiopia,Tis Abay I,84.4,11.4887,37.5999,Hydro,203.55085768242145
7968,FIN,Finland,Olkiluoto 1,1760.0,61.2371,21.4433,Nuclear,15080.232558139536
7947,FIN,Finland,Loviisa Y1,992.0,60.3708,26.3468,Nuclear,8499.767441860464
7956,FIN,Finland,Meri-Pori,565.0,61.6317,21.4068,Coal,4982.9626865671635
8035,FIN,Finland,Vaskiluoto 2,230.0,63.0914,21.5539,Coal,2028.462686567164
7873,FIN,Finland,Hanasaari B,212.0,60.1841,24.9711,Coal,1869.7134328358206
8013,FIN,Finland,Suomenoja power station,170.0,60.1483,24.7183,Coal,1499.2985074626865
8001,FIN,Finland,Salmisaari B,163.0,60.1656,24.9048,Coal,1437.562686567164
8044,FIN,Finland,Vuosaari B,485.0,60.2199,25.1692,Gas,1391.6558390936027
7888,FIN,Finland,Imatra,192.0,61.1669,28.7745,Hydro,1079.7138923402395
8024,FIN,Finland,Toppila 1 ja 2,195.0,65.0124,25.4682,Biomass,1012.1856139127884
8691,FRA,France,GRAVELINES,5460.0,51.0141,2.1332,Nuclear,37749.85015048313
9331,FRA,France,PALUEL,5320.0,49.8582,0.6354,Nuclear,36781.90527482972
8329,FRA,France,CATTENOM,5200.0,49.416,6.2169,Nuclear,35952.238238555365
8341,FRA,France,CRUAS,3660.0,44.6325,4.7546,Nuclear,25304.844606367813
9868,FRA,France,TRICASTIN 1,3660.0,44.3311,4.7311,Nuclear,25304.844606367813
8168,FRA,France,BLAYAIS,3640.0,45.256,-0.6932,Nuclear,25166.566766988755
8332,FRA,France,CHINON,3620.0,47.2254,0.1656,Nuclear,25028.288927609694
8175,FRA,France,BUGEY,3580.0,45.7973,5.2706,Nuclear,24751.73324885157
8549,FRA,France,DAMPIERRE,3560.0,47.7321,2.5185,Nuclear,24613.45540947252
8333,FRA,France,CHOOZ,3000.0,50.09,4.7894,Nuclear,20741.675906858865
10066,GAB,Gabon,Rabi,15.51,-1.9,9.4833,Oil,639.0
10063,GAB,Gabon,Owendo,77.0,0.3433,9.4784,Gas,488.07295251204397
10065,GAB,Gabon,Poubara,160.0,-1.7733,13.552,Hydro,444.7552447552448
10064,GAB,Gabon,Port-Gentil,68.3,-0.7539,8.7536,Gas,432.92704748795586
10067,GAB,Gabon,Tchimbele,68.4,0.621,10.407,Hydro,190.13286713286718
10062,GAB,Gabon,Kinguele,57.6,0.455,10.281,Hydro,160.11188811188813
10074,GEO,Georgia,Inguri (Enguri) Dam Hydroelectric Power Station Georgia,1300.0,42.7584,42.0309,Hydro,4197.528472921671
10071,GEO,Georgia,Gardabani (Tbilisi) Thermal Power Plant Georgia,840.0,41.4728,45.0635,Gas,1368.192
10084,GEO,Georgia,Vartsikhe Cascade Hydroelectric Power Plants Georgia,256.0,42.1545,42.7088,Hydro,826.5902223599597
10083,GEO,Georgia,Vardnili I Hydroelectric Power Plant Georgia,220.0,42.6524,41.7619,Hydro,710.3509723405904
10078,GEO,Georgia,Mtkvari Thermal Power Plant Georgia,300.0,41.4698,45.061,Gas,488.64
10086,GEO,Georgia,Zhinvali Hydroelectric Power Plant Georgia,130.0,42.1349,44.7721,Hydro,419.75284729216696
10077,GEO,Georgia,Lajanuri Hydroelectric Power Plant Georgia,113.0,42.589,42.8519,Hydro,364.86209033857597
10075,GEO,Georgia,Khrami I Hydroelectric Power Plant Georgia,112.0,41.5489,44.1235,Hydro,361.6332222824824
10076,GEO,Georgia,Khrami II Hydroelectric Power Plant Georgia,110.0,41.5461,44.1277,Hydro,355.1754861702952
10070,GEO,Georgia,Dzevrula (Tkibuki-II) Hydroelectric Power Plants Georgia,80.0,42.2629,42.9582,Hydro,258.30944448748744
10585,DEU,Germany,Kernkraft Gundremmingen,2572.0,48.515,10.4016,Nuclear,22362.88497001164
10742,DEU,Germany,Niederaussem power station,3430.0,50.993,6.6685,Coal,20456.047884888707
10553,DEU,Germany,Janschwalde power station,2790.0,51.8344,14.459,Coal,16639.17597633805
10204,DEU,Germany,Boxberg power station,2585.0,51.4163,14.5619,Coal,15416.584193130415
11066,DEU,Germany,Zolling power station,528.0,48.4554,11.7995,Biomass,13825.98924666224
10537,DEU,Germany,ISAR-2,1485.0,48.6049,12.2936,Nuclear,12911.696804225225
10137,DEU,Germany,BROKDORF,1480.0,53.8506,9.345,Nuclear,12868.223077611674
10777,DEU,Germany,PHILIPPSBURG-2,1468.0,49.2529,8.4364,Nuclear,12763.886133739146
10197,DEU,Germany,BoA 2,2100.0,51.0365,6.6133,Coal,12524.110949931863
10736,DEU,Germany,Neurath power station,2068.0,51.0395,6.615,Coal,12333.267354504329
11069,GRC,Greece,Agios Dimitrios power station,1595.0,40.3941,21.9256,Coal,8221.195195195196
11092,GRC,Greece,Kardia power station,1250.0,40.4102,21.7856,Coal,6442.942942942945
11126,GRC,Greece,Ptolemais,620.0,40.4809,21.7274,Coal,3195.6996996996995
11074,GRC,Greece,Amyntaio power station,600.0,40.6192,21.6832,Coal,3092.612612612613
11109,GRC,Greece,Megalopoli power station,600.0,37.4174,22.1079,Coal,3092.612612612613
11132,GRC,Greece,South Rhodes Power Plant,206.0,36.3789,28.0186,Oil,2279.5688622754487
11105,GRC,Greece,Linoperamata,193.0,35.34,25.0523,Oil,2135.7125748502995
11086,GRC,Greece,Florina power station,330.0,40.8122,21.6027,Coal,1700.936936936937
11078,GRC,Greece,Atherinolakkos,102.0,35.0038,26.1397,Oil,1128.7185628742516
11110,GRC,Greece,Megalopolis V,811.0,37.418,22.1083,Gas,1055.7802113352543
11149,GTM,Guatemala,Chixoy,300.0,15.28,-90.491,Hydro,1443.4299325129018
11172,GTM,Guatemala,Jaguar Energy power station,300.0,14.1107,-90.7227,Coal,972.5620412443201
11218,GTM,Guatemala,Xacbal,94.0,15.62,-91.085,Hydro,452.2747121873761
11205,GTM,Guatemala,San Jose,139.0,14.16,-90.787,Coal,450.6204124432016
11145,GTM,Guatemala,Aguacapa,90.0,14.29,-90.505,Hydro,433.0289797538707
11192,GTM,Guatemala,Palo Viejo,85.0,15.5,-90.874,Hydro,408.9718142119889
11183,GTM,Guatemala,Magdalena,145.0,14.12,-90.932,Biomass,371.6850357913874
11199,GTM,Guatemala,Renace,68.1,15.5,-90.174,Hydro,327.6585946804288
11147,GTM,Guatemala,Biomass,119.0,14.12,-90.93,Biomass,305.03806385637995
11173,GTM,Guatemala,Jurun Marinala,60.0,14.39,-90.711,Hydro,288.68598650258036
11232,HND,Honduras,ENERSA Choloma,371.0,15.5971,-87.9369,Oil,2104.8110575703777
11236,HND,Honduras,Fransisco Morazan (el Cajon),300.0,15.0293,-87.7455,Hydro,1515.2279829959039
11243,HND,Honduras,Lufussa III,231.0,13.4047,-87.3269,Oil,1310.5427339589146
11230,HND,Honduras,ELCOSA,80.0,15.8557,-87.9558,Oil,453.8676134922648
11242,HND,Honduras,Lufussa II,80.0,13.4043,-87.3205,Oil,453.8676134922648
11247,HND,Honduras,Rio Lindo,80.0,15.0404,-87.982,Hydro,404.06079546557436
11223,HND,Honduras,Cerra de Hula,126.0,13.9321,-87.2324,Wind,398.0
11225,HND,Honduras,Compania Azucarera Hondurena,26.0,15.4065,-88.0008,Biomass,271.96000000000004
11244,HND,Honduras,Nacaome,30.0,13.6869,-87.3605,Hydro,151.5227982995904
11231,HND,Honduras,EMCE,26.6,15.5998,-87.9368,Oil,150.91098148617806
11262,HUN,Hungary,Paksi Atomerőmű,1886.8,46.5739,18.8536,Nuclear,15649.0
11260,HUN,Hungary,Matra power station,884.0,47.7886,20.066,Coal,4526.613065326634
11261,HUN,Hungary,Oroszlány power station,250.0,47.5017,18.2701,Coal,1280.1507537688442
11263,HUN,Hungary,Tiszai Erőmű,864.0,47.9178,21.0784,Gas,1235.2045477616487
11254,HUN,Hungary,Dunamenti Erőmű,840.7,47.3283,18.9169,Gas,1201.8940547490947
11256,HUN,Hungary,Gönyűi Erőmű,426.6,47.7384,17.8033,Gas,609.882245457314
11251,HUN,Hungary,Alpiq Csepel Erőmű,401.0,47.428,19.0525,Gas,573.2835921903021
11252,HUN,Hungary,Bakony power station,60.0,47.0956,17.5584,Coal,307.23618090452266
11257,HUN,Hungary,Kelenföldi Erőmű,173.0,47.4624,19.0563,Gas,247.32683653097823
11258,HUN,Hungary,Kispesti Erőmű,109.2,47.4568,19.1673,Gas,156.11613034209725
11269,ISL,Iceland,Fljótsdalsvirkjun (Kárahnjúkar ),690.0,64.9471,-15.7931,Hydro,4644.133640071108
11270,ISL,Iceland,Hellisheiði,213.0,64.0373,-21.4007,Geothermal,1950.513986013986
11267,ISL,Iceland,Búrfell,270.0,64.1052,-19.8335,Hydro,1817.2696852452161
11271,ISL,Iceland,Hrauneyjafoss,210.0,64.2009,-19.2406,Hydro,1413.4319774129458
11276,ISL,Iceland,Nesjavellir,120.0,64.1081,-21.2567,Geothermal,1098.881118881119
11266,ISL,Iceland,Blanda,150.0,65.4158,-19.8198,Hydro,1009.5942695806757
11278,ISL,Iceland,Sigalda,150.0,64.1733,-19.1272,Hydro,1009.5942695806757
11277,ISL,Iceland,Reykjanes,100.0,63.8251,-22.6848,Geothermal,915.7342657342656
11280,ISL,Iceland,Sultartangi,120.0,64.1672,-19.6212,Hydro,807.6754156645405
11281,ISL,Iceland,Svartsengi,76.0,63.8788,-22.4332,Geothermal,695.9580419580418
11480,IND,India,KUDGI,2400.0,16.4994,75.8349,Coal,17592.233009879787
11508,IND,India,LALITPUR TPP,1980.0,24.7971,78.6463,Coal,14513.592233150825
11591,IND,India,PRYAGRAJ (BARA) TPP,1980.0,25.196,81.6594,Coal,14513.592233150825
11745,IND,India,YERMARUS TPP,1600.0,16.2949,77.3568,Coal,11728.155339919858
11643,IND,India,SEMBCORP GAYATRI,1320.0,14.351,80.1443,Coal,9675.728155433884
11289,IND,India,ANUPUR TPP,1200.0,23.0655,81.7865,Coal,8796.116504939893
11441,IND,India,ITPCL TPP,1200.0,11.5214,79.7515,Coal,8796.116504939893
11653,IND,India,SINGARENI TPP,1200.0,18.8372,79.5748,Coal,8796.116504939893
11716,IND,India,UCHPINDA TPP,1080.0,21.8858,83.1215,Coal,7916.504854445904
11733,IND,India,VIZAG TPP,1040.0,17.5635,83.1382,Coal,7623.300970947907
11869,IDN,Indonesia,PLTU Paiton I Unit 7 & 8,5355.0,-7.7184,113.5827,Coal,21967.67667814407
11881,IDN,Indonesia,PLTU Suralaya,3400.0,-5.892,106.03,Coal,13947.731224218456
11830,IDN,Indonesia,PLTGU Gresik,1579.0,-7.1633,112.6615,Gas,6938.1087431693995
11887,IDN,Indonesia,PLTU Tanjung Jati B - expansion,1324.0,-6.446,110.7423,Coal,5431.410629666246
11886,IDN,Indonesia,PLTU Tanjung Jati B,1320.0,-6.446,110.7423,Coal,5415.001534108343
11837,IDN,Indonesia,PLTGU Priok Block 1   2,1180.0,-6.1102,106.8671,Gas,5184.907103825137
11765,IDN,Indonesia,Cilacap Sumber power station,1260.0,-7.6832,109.0964,Coal,5168.865100739781
11839,IDN,Indonesia,PLTGU Tambak Lorok,1034.0,-6.9505,110.434,Gas,4543.3846994535525
11857,IDN,Indonesia,PLTU Jabar Selatan - Pelabuhan Ratu,1050.0,-7.0242,106.5464,Coal,4307.387583949818
11858,IDN,Indonesia,PLTU Jawa Barat - Indramayu,990.0,-6.2747,107.9704,Coal,4061.2511505812568
11943,IRN,Iran,Damavand C.C.,2800.0,35.4156,51.851,Gas,14429.692392705838
11999,IRN,Iran,Shahid Rajaee,2040.0,36.1595,50.2997,Gas,10513.061600399971
11929,IRN,Iran,Ahwaz (ramiin),1903.0,31.5027,48.883,Oil,10009.6528035648
11966,IRN,Iran,Kerman,1912.0,30.21,56.7932,Gas,9853.41851959056
11981,IRN,Iran,Neka (Shahid Salimi),1779.6,36.8387,53.2593,Oil,9360.577051615295
11997,IRN,Iran,Shahid M. Montazeri,1600.0,32.7952,51.4959,Oil,8415.893056071296
12006,IRN,Iran,Shirvan,1404.0,37.3397,58.0486,Gas,7235.460042628213
11965,IRN,Iran,Kazeroon,1372.0,29.5633,51.696,Gas,7070.54927242586
12003,IRN,Iran,Shazand,1300.0,34.0,49.5,Oil,6837.913108057928
11937,IRN,Iran,Bandar Abbas,1280.0,27.1467,56.1153,Oil,6732.714444857036
12036,IRQ,Iraq,Al-Shemal,2100.0,36.0547,43.2961,Oil,17371.241721854305
12032,IRQ,Iraq,Al-Mussaib,1280.0,32.8407,44.2749,Oil,10588.185430463576
12030,IRQ,Iraq,Al-Hartha,800.0,30.6787,47.7515,Oil,6617.615894039735
12037,IRQ,Iraq,Baiji,720.0,35.0375,43.5582,Oil,5955.854304635762
12042,IRQ,Iraq,Doura,640.0,33.2602,44.3751,Oil,5294.092715231788
12035,IRQ,Iraq,Al-Quds,500.0,33.4898,44.3616,Oil,4136.009933774835
12029,IRQ,Iraq,Al-Anbar,1642.6,33.5337,43.026,Gas,2559.2391427314433
12044,IRQ,Iraq,Erbil,1500.0,36.0084,43.9169,Gas,2337.0624096536985
12053,IRQ,Iraq,Shatt Al-Basra,1250.0,30.1859,47.837,Gas,1947.5520080447488
12043,IRQ,Iraq,Duhok,1000.0,36.9445,42.7817,Gas,1558.041606435799
12098,IRL,Ireland,Moneypoint power station,915.0,52.6074,-9.4237,Coal,6484.0
12056,IRL,Ireland,Aghada,528.0,51.8347,-8.2362,Gas,1846.6058226134055
12101,IRL,Ireland,Poolbeg Combined Cycle,480.0,53.3396,-6.1867,Gas,1678.732566012187
12114,IRL,Ireland,Whitegate,445.0,51.8161,-8.2511,Gas,1556.3249830737982
12057,IRL,Ireland,Aghada CCGT,435.0,51.8347,-8.2362,Gas,1521.3513879485442
12077,IRL,Ireland,Dublin Bay Power,415.0,53.34,-6.2049,Gas,1451.4041976980366
12085,IRL,Ireland,Huntstown Phase II,404.0,53.4119,-6.3261,Gas,1412.9332430602572
12112,IRL,Ireland,Tynagh,388.5,53.1658,-8.381,Gas,1358.7241706161135
12084,IRL,Ireland,Huntstown,343.0,53.4119,-6.3261,Gas,1199.5943127962084
12111,IRL,Ireland,Turlough Hill,292.0,53.0242,-6.4164,Hydro,712.3358024691357
12139,ISR,Israel,Orot Rabin,2590.0,32.47,34.888,Coal,16126.495867768595
12144,ISR,Israel,Rutenberg,2250.0,31.6299,34.5216,Coal,14009.504132231405
12125,ISR,Israel,Eshkol,1432.0,31.8388,34.6551,Gas,4578.576359492023
12128,ISR,Israel,Hagit,1255.0,32.6172,35.0431,Gas,4012.6489742754798
12140,ISR,Israel,Ramat Hovav,1067.0,31.1536,34.8146,Gas,3411.550960599153
12122,ISR,Israel,Dorad,840.0,31.6358,34.5309,Gas,2685.757082383588
12151,ISR,Israel,Tzafit (Dalia),835.0,31.7148,34.8422,Gas,2669.7704330836864
12127,ISR,Israel,Gezer,744.0,31.9153,34.9188,Gas,2378.813415825464
12130,ISR,Israel,Haifa (CCGT),720.0,32.6172,35.0431,Gas,2302.077499185933
12143,ISR,Israel,Reading,428.0,32.1049,34.7785,Gas,1368.457180071638
12265,ITA,Italy,MONTEFERRANTE,105.24,41.9547,14.3884,Wind,15178.0
12186,ITA,Italy,Brindisi Sud power station,2640.0,40.5632,18.0318,Coal,13628.868175765645
12378,ITA,Italy,Torrevaldaliga Nord power station,1980.0,42.1269,11.7583,Coal,10221.651131824236
12264,ITA,Italy,MONTALTO (Alessandro Volta),3446.0,42.3572,11.5373,Gas,8365.767805313108
12255,ITA,Italy,La Spezia power station,1300.0,44.1118,9.8743,Coal,6711.185086551264
12171,ITA,Italy,Andrea Palladio power station (FUSINA),976.0,45.4314,12.2468,Coal,5038.551264980027
12223,ITA,Italy,ENTRACQUE_CHRO,1064.0,44.2256,7.3842,Hydro,4790.161519047114
12310,ITA,Italy,PRESENZANO,1005.0,41.3816,14.0903,Hydro,4524.541660378148
12327,ITA,Italy,RONCOVALGRANDE,1000.0,46.0702,8.7339,Hydro,4502.031502863829
12217,ITA,Italy,EDOLO,950.0,46.171,10.348,Hydro,4276.929927720637
12405,JAM,Jamaica,Old Harbour,347.5,17.9006,-77.1071,Oil,2158.6769616026713
12401,JAM,Jamaica,Hunts Bay,122.5,17.975,-76.8176,Oil,760.9724540901503
12408,JAM,Jamaica,West Kingston,65.0,17.9731,-76.8057,Oil,403.7813021702837
12406,JAM,Jamaica,Rockfort,64.0,17.9701,-76.7519,Oil,397.5692821368949
12404,JAM,Jamaica,Manchester,38.7,17.9193,-77.5343,Wind,119.0
12403,JAM,Jamaica,Maggotty Hydro,6.4,18.1598,-77.7609,Hydro,58.81081081081082
12402,JAM,Jamaica,Lower White River,4.8,18.4122,-77.0696,Hydro,44.1081081081081
12407,JAM,Jamaica,Upper White River,3.6,18.3751,-77.0514,Hydro,33.08108108108108
12400,JAM,Jamaica,Bogue,120.0,18.4524,-77.9183,Gas,0.0
12433,JPN,Japan,Futtsu,5040.0,35.3421,139.8319,Gas,39746.04007477126
12450,JPN,Japan,Higashi Niigata,4810.0,37.9963,139.2373,Gas,37932.23269040669
12503,JPN,Japan,Kawagoe,4802.0,35.0076,136.689,Gas,37869.14373790706
12448,JPN,Japan,Hekinan power station,4100.0,34.8352,136.9609,Coal,34451.930720497185
12663,JPN,Japan,Sodegaura,3600.0,35.4619,139.977,Gas,28390.02862483661
12647,JPN,Japan,Shin Nagoya,3058.0,35.0645,136.8767,Gas,24115.75209298621
12422,JPN,Japan,Chiba,2880.0,35.5648,140.1053,Gas,22712.02289986929
12649,JPN,Japan,Shin Oita,2295.0,33.2672,131.7076,Gas,18098.64324833334
12485,JPN,Japan,J-POWER Tachibana-wan power station,2100.0,33.8572,134.6514,Coal,17646.110856840027
12445,JPN,Japan,Haramachi power station,2000.0,37.666,141.0165,Coal,16805.81986365717
12741,JOR,Jordan,Hussein Thermal Power Plant Jordan,382.0,32.119,36.125,Oil,16858.0
12745,JOR,Jordan,Samra CCGT Power Plant Jordan,1031.0,32.1433,36.1418,Gas,355.933937133724
12740,JOR,Jordan,Aqaba Thermal Power Plant Jordan,650.0,29.378,34.977,Gas,224.40063931806068
12739,JOR,Jordan,Amman East (AES Jordan) CCGT Power Plant Jordan,620.0,31.8997,36.0801,Gas,214.04368673415024
12742,JOR,Jordan,IPP3 ICE Power Plant Jordan,573.0,31.9101,36.0939,Gas,197.81779435269047
12738,JOR,Jordan,Al Qatrana CCGT Power Plant Jordan,373.0,31.2226,36.0197,Gas,128.77144379328718
12743,JOR,Jordan,Rehab CCGT Power Plant Jordan,357.0,32.3311,36.0506,Gas,123.24773574853491
12744,JOR,Jordan,Risha OCGT Power Plant Jordan,150.0,32.5724,39.0111,Gas,51.78476291955248
12753,KAZ,Kazakhstan,Ekibastuz-1 power station,4000.0,51.888,75.377,Coal,19055.709604234937
12751,KAZ,Kazakhstan,Atyrau,300.0,47.0818,51.9422,Gas,15129.75
12746,KAZ,Kazakhstan,Aksu power station,2450.0,52.12,76.875,Coal,11671.622132593899
12763,KAZ,Kazakhstan,MAEK-Kazatoprom TPP-2,1255.0,52.367,76.9338,Coal,5978.728888328711
12764,KAZ,Kazakhstan,OJSC Zhambyl GRES,1230.0,42.9,71.3667,Coal,5859.630703302244
12762,KAZ,Kazakhstan,Kumkol,100.0,46.4259,68.7007,Gas,5043.25
12754,KAZ,Kazakhstan,Ekibastuz-2 power station,1000.0,52.023,75.475,Coal,4763.927401058734
12765,KAZ,Kazakhstan,Pavlodar TPP-1,855.0,52.367,76.9338,Coal,4073.157927905218
12757,KAZ,Kazakhstan,Karaganda GRES-2,608.0,52.023,75.475,Coal,2896.467859843711
12770,KAZ,Kazakhstan,Shulbinskaya HPP,720.0,50.399,81.069,Hydro,2846.5837320574165
12787,KEN,Kenya,Olkaria I,185.0,-0.8933,36.3086,Geothermal,995.9084880636605
12775,KEN,Kenya,Gitaru,225.0,-0.7967,37.7497,Hydro,948.4844625573102
12788,KEN,Kenya,Olkaria I units 4 & 5,140.0,-0.891,36.2961,Geothermal,753.6604774535809
12791,KEN,Kenya,Olkaria IV,140.0,-0.9186,36.3338,Geothermal,753.6604774535809
12790,KEN,Kenya,Olkaria III (Orpower 4),139.0,-0.8905,36.2892,Geothermal,748.2771883289125
12778,KEN,Kenya,Kiambere,168.0,-0.64,37.91,Hydro,708.2017320427916
12789,KEN,Kenya,Olkaria II,105.0,-0.8644,36.2985,Geothermal,565.2453580901856
12796,KEN,Kenya,Turkwel,106.0,1.9138,35.3443,Hydro,446.84156902699954
12777,KEN,Kenya,Kamburu,94.2,-0.8093,37.6867,Hydro,397.0988283239938
12782,KEN,Kenya,Kipevu III,120.0,-4.0379,39.6333,Oil,370.26102610261023
12798,KWT,Kuwait,Az Zour South CCGT,5805.0,28.7072,48.3742,Gas,7161.65548977244
12801,KWT,Kuwait,Sabiya,5366.5,29.567,48.171,Gas,6620.67600101013
12800,KWT,Kuwait,Doha West,2543.0,29.3678,47.7865,Gas,3137.310923426583
12799,KWT,Kuwait,Doha East,1158.0,29.3682,47.7963,Gas,1428.6299840062854
12797,KWT,Kuwait,Az Zour North,1100.0,28.7135,48.3806,Gas,1357.075114341031
12802,KWT,Kuwait,Shuiba North,875.0,29.0359,48.1536,Gas,1079.49156822582
12803,KWT,Kuwait,Shuiba SPSS,720.0,29.0359,48.1536,Gas,888.2673475686747
12804,KWT,Kuwait,Shuwaikh,252.0,29.0769,48.0839,Gas,310.8935716490362
12811,KGZ,Kyrgyzstan,Toktogul Hydroelectric Power Plant Kyrgyzstan,1200.0,41.6568,72.6359,Hydro,5483.711340206185
12807,KGZ,Kyrgyzstan,Kurpsay Hydroelectric Power Plant Kyrgyzstan,800.0,41.4986,72.3641,Hydro,3655.807560137457
12810,KGZ,Kyrgyzstan,Tash-Kumyr Hydroelectric Power Project Kyrgyzstan,450.0,41.4033,72.2322,Hydro,2056.3917525773195
12809,KGZ,Kyrgyzstan,Shamaldy-Say Hydroelectric Power Plant Kyrgyzstan,240.0,41.3121,72.1917,Hydro,1096.7422680412371
12806,KGZ,Kyrgyzstan,Bishkek CHP Power Plant Kyrgyzstan,674.0,42.873,74.6541,Coal,1073.0
12812,KGZ,Kyrgyzstan,Uch-Kurgan Hydroelectric Power Plant Kyrgyzstan,180.0,41.1877,72.1604,Hydro,822.5567010309279
12805,KGZ,Kyrgyzstan,Al-Bashy Hydroelectric Power Plant Kyrgyzstan,40.0,41.163,75.803,Hydro,182.79037800687286
12808,KGZ,Kyrgyzstan,Osh CHP Power Plant Kyrgyzstan,50.0,40.5718,72.804,Oil,84.0
12817,LVA,Latvia,Riga Tec 2,863.0,56.918,24.2766,Gas,2014.816183816184
12814,LVA,Latvia,Plavinas HPP,894.0,56.583,25.2394,Hydro,1160.5703125
12816,LVA,Latvia,Riga HPP,402.0,56.852,24.2724,Hydro,521.8671875
12815,LVA,Latvia,RTEC1,138.0,56.9904,24.1788,Gas,322.1838161838162
12813,LVA,Latvia,Kegums HPP,240.0,56.7405,24.7113,Hydro,311.5625
12824,LBN,Lebanon,Zouk 1,642.8,33.969,35.604,Oil,10099.518004069716
12821,LBN,Lebanon,Jieh 1,347.5,33.6475,35.3996,Oil,5459.83588427851
12820,LBN,Lebanon,Hreishi,70.0,34.3795,35.7584,Oil,1099.823055825887
12818,LBN,Lebanon,Baalback,35.0,34.0209,36.1919,Oil,549.9115279129435
12822,LBN,Lebanon,Sour,35.0,33.2761,35.2289,Oil,549.9115279129435
12819,LBN,Lebanon,Deir Ammar,470.0,34.465,35.8942,Gas,0.0
12823,LBN,Lebanon,Zahrani,470.0,33.4961,35.338,Gas,0.0
12834,LBY,Libya,West Tripoli,185.0,32.8251,12.9739,Oil,10259.57142857143
12826,LBY,Libya,Az Zawiyah,1440.0,32.7882,12.674,Gas,4931.926977687625
12827,LBY,Libya,Derna Steam Station,65.0,32.781,22.5874,Oil,3604.7142857142853
12833,LBY,Libya,Tobruk Steam Station,65.0,32.0582,23.9814,Oil,3604.7142857142853
12831,LBY,Libya,North Benghazi Station 1,1040.0,32.2027,20.133,Gas,3561.947261663286
12825,LBY,Libya,Al Khums,1000.0,32.6204,14.3312,Gas,3424.949290060852
12835,LBY,Libya,Western Mountain Station- Ruwais,624.0,31.9559,11.1447,Gas,2137.1683569979714
12830,LBY,Libya,Misrata,500.0,32.3326,15.2319,Gas,1712.474645030426
12828,LBY,Libya,Double Corner Power Station 1,480.0,32.7899,12.6703,Gas,1643.975659229209
12829,LBY,Libya,Gulf of Sirte,350.0,31.2174,16.347,Gas,1198.7322515212982
12837,LTU,Lithuania,Elektrenai (Lithuania) Thermal Power Plant Lithuania,1800.0,54.7701,24.6474,Gas,1264.3373493975905
12840,LTU,Lithuania,Kruonis Pumped Storage Hydroelectric Power Plant Lithuania,900.0,54.799,24.2475,Hydro,978.4172661870504
12842,LTU,Lithuania,Vilnius TE-3 CHP Power Plant Lithuania,360.0,54.6676,25.156,Gas,252.8674698795181
12838,LTU,Lithuania,Kaunas CHP Power Plant Lithuania,170.0,54.9212,24.018,Gas,119.40963855421688
12841,LTU,Lithuania,Mazheikiai CHP Power Plant Lithuania,160.0,56.3843,22.1841,Gas,112.38554216867468
12839,LTU,Lithuania,Kaunas Hydroelectric Power Plant Lithuania,100.8,54.8741,24.0,Hydro,109.58273381294964
12862,MYS,Malaysia,Manjung power station,4180.0,4.1586,100.6423,Coal,17945.006151953246
12884,MYS,Malaysia,Tanjung Bin power station,3244.0,1.334,103.5422,Coal,13926.698554290986
12855,MYS,Malaysia,Kapar Energy Ventures (KEV),2420.0,3.1167,101.3217,Gas,13404.585146286572
12889,MYS,Malaysia,Tg. Bin Energy,2100.0,1.3348,103.5422,Coal,9015.433712703783
12876,MYS,Malaysia,Segari,1303.0,4.3908,100.5894,Gas,7217.427456864216
12881,MYS,Malaysia,Sultan Aziz power station,1600.0,3.1172,101.3204,Coal,6868.90187634574
12867,MYS,Malaysia,Paka,1136.0,4.6017,103.4495,Gas,6292.40030007502
12854,MYS,Malaysia,Jimah power station,1400.0,2.5903,101.7246,Coal,6010.289141802523
12883,MYS,Malaysia,TNB Prai,1071.0,5.3744,100.3746,Gas,5932.359789947486
12846,MYS,Malaysia,Connought Bridge,828.0,3.0433,101.4696,Gas,4586.362190547637
13090,MEX,Mexico,Plutarco Elías Calles (Petacalco),2778.4,17.9837,-102.1154,Coal,17502.411572214787
13041,MEX,Mexico,Laguna Verde,1510.0,19.7208,-96.4064,Nuclear,9677.0
12925,MEX,Mexico,Carbón II,1400.0,28.4682,-100.7003,Coal,8819.239922653578
13119,MEX,Mexico,Tamazunchale,1135.0,21.3113,-98.7565,Gas,7602.062381690566
13031,MEX,Mexico,José López Portillo (Río Escondido),1200.0,28.4844,-100.6897,Coal,7559.348505131638
12900,MEX,Mexico,Altamira V,1121.0,22.4997,-97.9053,Gas,7508.292449229186
13052,MEX,Mexico,Manuel Moreno Torres (Chicoasén),2400.0,16.9428,-93.1012,Hydro,7501.723874659445
12899,MEX,Mexico,Altamira III y IV,1036.0,22.4939,-97.9014,Gas,6938.975002142228
13133,MEX,Mexico,Tuxpan III y IV,983.0,20.8386,-97.2536,Gas,6583.988829252712
12893,MEX,Mexico,Adolfo López Mateos (Tuxpan),2100.0,21.0151,-97.3334,Oil,6015.465528014996
13145,MDA,Moldova,CHP CET-2  Chisinau,240.0,47.029,28.893,Gas,3640.0
13144,MDA,Moldova,CHP CET-1   Chisinau,66.0,47.0261,28.8672,Gas,1001.0
13146,MDA,Moldova,CHP CET-Nord  Balti,24.0,47.7492,27.8938,Gas,364.0
13148,MDA,Moldova,Hydropower Plant Dubasari,48.0,47.2778,29.123,Hydro,237.75
13147,MDA,Moldova,Hydropower Plant CHE-Costesti,16.0,47.8381,27.2246,Hydro,79.25
13149,MDA,Moldova,Moldavskaya GRES,2520.0,46.6292,29.9407,Coal,0.0
13153,MNG,Mongolia,Ulaanbaatar-4 Thermal Power Plant,570.0,47.8938,106.8036,Coal,3519.2537313432845
13152,MNG,Mongolia,Ulaanbaatar-3 Thermal Power Plant,198.0,47.8956,106.8651,Coal,1222.4776119402984
13150,MNG,Mongolia,Dornod power station,36.0,48.0793,114.555,Coal,222.26865671641792
13151,MNG,Mongolia,Salkhit,50.0,47.163,108.0391,Wind,170.0
13156,MNE,Montenegro,Pljevlja Coal Power Plant Montenegro,218.5,43.3342,19.3271,Coal,1422.0
13155,MNE,Montenegro,Piva (Mratinje) Hydroelectric Power Plant Montenegro,360.0,43.2725,18.8422,Hydro,945.6071964017993
13154,MNE,Montenegro,Perucica Hydroelectric Power Plant Montenegro,307.0,42.6718,18.9951,Hydro,806.3928035982009
13171,MAR,Morocco,Centrale Thermique de Jorf Lasfar (JLEC),2020.0,33.1041,-8.6378,Coal,11270.673721340389
13183,MAR,Morocco,Jerada power station,515.0,34.3098,-2.1902,Coal,2873.463844797178
13162,MAR,Morocco,Al Wahda Thermal Power station,800.0,34.8,-5.6,Gas,2689.0756302521013
13188,MAR,Morocco,Mohammedia power station,300.0,33.682,-7.435,Coal,1673.8624338624338
13160,MAR,Morocco,Ain Beni Mathar Centrale Thermosolaire (CCGT),472.0,34.0705,-2.1049,Gas,1586.5546218487393
13166,MAR,Morocco,Central Termique de Kenitra,300.0,34.286,-6.5618,Oil,1453.87881126978
13174,MAR,Morocco,Centrale a cycle combine de Tahaddart,394.0,35.589,-5.9868,Gas,1324.3697478991596
13172,MAR,Morocco,Centrale Turbine a' Gaz de Tit-Me (Casablanca),198.0,33.541,-7.502,Oil,959.5600154380548
13173,MAR,Morocco,Centrale Turbine a` Gaz de Tetouan,139.0,35.5699,-5.4633,Oil,673.6305158883314
13167,MAR,Morocco,Centrale Diesel de Tantan,116.9,28.469,-11.339,Oil,566.5281101247908
13200,MOZ,Mozambique,Cahora Bassa,2075.0,-15.5859,32.7047,Hydro,14688.457330415757
13202,MOZ,Mozambique,Corumana,166.0,-25.2185,32.1342,Hydro,1175.0765864332604
13201,MOZ,Mozambique,Chicamba,44.0,-19.1557,33.145,Hydro,311.4660831509848
13231,MMR,Myanmar,Yeywa,790.0,21.67,96.473,Hydro,2559.4121532364597
13225,MMR,Myanmar,Shweli (1),600.0,23.7,97.507,Hydro,1943.8573315719946
13219,MMR,Myanmar,Ngam Tae,230.0,16.46,97.655,Gas,1093.4282166396026
13220,MMR,Myanmar,Paunglaung,280.0,19.78,96.333,Hydro,907.1334214002644
13226,MMR,Myanmar,Tarpein-1,240.0,24.42,97.525,Hydro,777.5429326287979
13203,MMR,Myanmar,Ahlone,154.2,16.78,96.131,Gas,733.0723087209856
13206,MMR,Myanmar,Hlawga,154.2,16.98,96.125,Gas,733.0723087209856
13205,MMR,Myanmar,Baluchaung BHP (2),168.0,19.56,97.359,Hydro,544.2800528401584
13211,MMR,Myanmar,Kyaukse,102.0,21.6,86.213,Gas,484.9116439010411
13227,MMR,Myanmar,Thakayta,92.0,16.81,96.226,Gas,437.37128665584106
13243,NAM,Namibia,Ruacana,240.0,-17.3861,14.2137,Hydro,1485.0
13242,NAM,Namibia,Paratus (Walvis),25.6,-22.9575,14.5053,Oil,5.555926544240401
13237,NAM,Namibia,Anixas,24.3,-22.9575,14.5053,Oil,5.2737896494156935
13238,NAM,Namibia,Langer-Heinrich,10.0,-22.8138,15.3248,Oil,2.1702838063439063
13239,NAM,Namibia,Namibia Breweries,1.1,-22.5243,17.0787,Solar,0.0
13240,NAM,Namibia,Omburu,4.5,-21.4148,15.973,Solar,0.0
13241,NAM,Namibia,Otjiwarongo Pv,5.0,-20.4465,16.6255,Solar,0.0
13244,NAM,Namibia,Van Eck,120.0,-22.514,17.0789,Coal,0.0
13248,NPL,Nepal,Kali Gandaki Hydroelectric Power Plant Nepal,144.0,27.976,83.568,Hydro,977.8940765301547
13253,NPL,Nepal,Middle Marsyangdi Hydroelectric Power Plant Nepal,70.0,28.189,84.4195,Hydro,475.3651760910475
13252,NPL,Nepal,Marsyangdi Hydroelectric Power Plant Nepal,69.0,27.9262,84.4965,Hydro,468.5742450040326
13249,NPL,Nepal,Khimti Hydroelectric Power Plant Nepal,60.0,27.55,86.169,Hydro,407.4558652208979
13250,NPL,Nepal,Kulekhani-I Hydroelectric Power Plant Nepal,60.0,27.59,85.155,Hydro,407.4558652208979
13245,NPL,Nepal,Bhote Koshi Hydroelectric Power Plant Nepal,45.0,27.9388,85.945,Hydro,305.59189891567337
13251,NPL,Nepal,Kulekhani-II Hydroelectric Power Plant Nepal,32.0,27.509,85.0519,Hydro,217.30979478447892
13256,NPL,Nepal,Trishuli Hydroelectric Power Plant Nepal,24.0,27.9629,85.1707,Hydro,162.98234608835918
13247,NPL,Nepal,Gandak Hydroelectric Power Plant Nepal,15.0,27.4268,83.7918,Hydro,101.86396630522448
13254,NPL,Nepal,Modi Khola Hydroelectric Power Plant Nepal,14.8,28.272,83.7411,Hydro,100.50578008782148
13269,NLD,Netherlands,Eems,2465.0,53.4441,6.856,Gas,13638.501932989693
13270,NLD,Netherlands,Eemshaven,1600.0,53.4355,6.8793,Coal,10343.369890329013
13295,NLD,Netherlands,Magnum,1311.0,53.4502,6.8548,Gas,7253.580541237115
13294,NLD,Netherlands,Maasvlakte 3,1100.0,51.9587,4.0272,Coal,7111.066799601196
13293,NLD,Netherlands,Maasvlakte (MV1 and MV2),1040.0,51.9626,4.0217,Coal,6723.190428713859
13273,NLD,Netherlands,FLEVO,999.0,52.5772,5.53,Gas,5527.327963917524
13297,NLD,Netherlands,Maxima,880.0,52.5772,5.53,Gas,4868.917525773196
13307,NLD,Netherlands,Sloe,870.0,51.4482,3.6928,Gas,4813.588917525774
13281,NLD,Netherlands,Hemweg power station,685.0,52.4049,4.8465,Coal,4428.2552342971085
13258,NLD,Netherlands,Borssele Nuclear Power Station,485.0,51.4312,3.7174,Nuclear,4091.0
13325,NZL,New Zealand,Huntly (CC),403.0,-37.5444,175.15,Gas,5636.435897435898
13331,NZL,New Zealand,Manapouri,800.0,-45.5214,167.2778,Hydro,4436.827711941659
13338,NZL,New Zealand,Ohau A,688.0,-44.3416,170.1813,Hydro,3815.671832269827
13319,NZL,New Zealand,Benmore,540.0,-44.564,170.1972,Hydro,2994.85870556062
13320,NZL,New Zealand,Clyde,432.0,-45.1793,169.307,Hydro,2395.886964448496
13326,NZL,New Zealand,Huntly (steam),500.0,-37.5444,175.15,Coal,1962.0
13332,NZL,New Zealand,Maraetai,352.0,-38.3521,175.7465,Hydro,1952.2041932543302
13335,NZL,New Zealand,Nga Awa Purua,138.0,-38.6143,176.1825,Geothermal,1503.90990990991
13351,NZL,New Zealand,Wairakei,132.0,-38.6266,176.1055,Geothermal,1438.5225225225226
13336,NZL,New Zealand,Ohaaki,122.0,-38.5279,176.2937,Geothermal,1329.5435435435436
13365,NIC,Nicaragua,Corinto Barge IC Power Plant Nicaragua,71.0,12.4883,-87.1673,Oil,357.79390063944913
13371,NIC,Nicaragua,San Jacinto-Tizate Geothermal Power Plant Nicaragua,82.0,12.6088,-86.773,Geothermal,341.4088050314465
13362,NIC,Nicaragua,CENSA Amfels IC Poqwer Plant Nicaragua,64.0,12.1857,-86.7473,Oil,322.5184456468274
13368,NIC,Nicaragua,Momotombo Geothermal Power Plant Nicaragua,77.0,12.394,-86.5418,Geothermal,320.59119496855345
13358,NIC,Nicaragua,ALBANISA Che Guevara II IV V (Masaya) IC Power Plant Nicaragua,61.2,12.0144,-86.086,Oil,308.4082636497787
13367,NIC,Nicaragua,ENEL Managua Thermal Power Plant Nicaragua,57.4,12.1542,-86.2577,Oil,289.2587309394983
13360,NIC,Nicaragua,ALBANISA Che Guevara VI VII (Nagarote) IC Power Plant Nicaragua,54.4,12.2803,-86.5768,Oil,274.14067879980325
13372,NIC,Nicaragua,Tipitapa IC Power Plant Nicaragua,51.0,12.1698,-86.1052,Oil,257.0068863748156
13363,NIC,Nicaragua,Carlos Fonesca (Santa Barbara)  Hydroelectric Power Plant Nicaragua,54.4,12.7158,-86.2798,Hydro,205.82375478927202
13364,NIC,Nicaragua,Centroamerica Hydroelectric Power Plant Nicaragua,50.0,13.1068,-86.0516,Hydro,189.17624521072798
13373,NER,Niger,Anou Araren Mine,37.6,17.2893,7.8392,Coal,494.0
13378,NER,Niger,Soraz,54.0,14.1888,8.7859,Oil,84.56769983686787
13377,NER,Niger,Niamey,27.5,13.52,2.12,Oil,43.06688417618271
13376,NER,Niger,Goudel,14.58,13.5333,2.0667,Oil,22.833278955954324
13374,NER,Niger,Arlit Mine,14.52,18.8167,7.3333,Oil,22.739314845024467
13375,NER,Niger,D'akouta Mine,12.0,18.8167,7.3333,Oil,18.79282218597064
13379,NGA,Nigeria,Alaoji,1074.0,5.067,7.3216,Gas,6183.277241379312
13386,NGA,Nigeria,Olorunsogo II,750.0,6.8982,3.2041,Gas,4317.931034482759
13380,NGA,Nigeria,Calabar,561.0,5.0702,8.3394,Gas,3229.812413793104
13388,NGA,Nigeria,Omotosho II,500.0,6.7357,4.7106,Gas,2878.6206896551726
13383,NGA,Nigeria,Ihovbor,450.0,6.4065,5.6828,Gas,2590.7586206896553
13389,NGA,Nigeria,Sapele,450.0,5.9254,5.645,Gas,2590.7586206896553
13385,NGA,Nigeria,Kainji,760.0,9.8641,4.6124,Hydro,2138.4
13390,NGA,Nigeria,Shiroro,600.0,9.9724,6.8353,Hydro,1688.2105263157896
13384,NGA,Nigeria,Jebba,540.0,9.138,4.7883,Hydro,1519.3894736842105
13381,NGA,Nigeria,Gbarain,225.0,4.798,5.897,Gas,1295.3793103448277
13414,PRK,North Korea,Supung,700.0,40.4615,124.9627,Hydro,2391.590013140604
13419,PRK,North Korea,The March 17th  Power Plant,482.0,41.349,129.3901,Hydro,1646.7805519053875
13403,PRK,North Korea,Pochon,400.0,38.8921,127.4562,Hydro,1366.622864651774
13420,PRK,North Korea,Unbong,400.0,38.5979,125.4621,Hydro,1366.622864651774
13421,PRK,North Korea,Yunfeng,400.0,41.3814,126.5149,Hydro,1366.622864651774
13404,PRK,North Korea,Pukchang power station,1600.0,39.5858,126.3043,Coal,1279.8815472885435
13408,PRK,North Korea,River Changjin,346.7,40.5662,127.2338,Hydro,1184.5203679369251
13400,PRK,North Korea,Huichon,300.0,39.662,125.8124,Hydro,1024.9671484888304
13401,PRK,North Korea,Kangge Youth,225.0,40.9923,126.5531,Hydro,768.7253613666229
13410,PRK,North Korea,River Pujon,202.3,40.6604,127.5171,Hydro,691.1695137976347
13603,NOR,Norway,Kvilldal,1444.0,59.5118,6.5846,Hydro,6474.449826081249
13435,NOR,Norway,Aurland5,1398.0,60.8629,7.3017,Hydro,6268.200039377831
13710,NOR,Norway,Tonstad,1130.0,58.6648,6.7084,Hydro,5066.570847279649
13699,NOR,Norway,Svartisen,780.0,66.7282,13.9135,Hydro,3497.278991927545
13704,NOR,Norway,Sy-Sima,720.0,60.4986,7.1443,Hydro,3228.257531010041
13673,NOR,Norway,Saurdal,674.0,59.4828,6.6726,Hydro,3022.0077443066216
13608,NOR,Norway,Lang Sima,580.0,60.4986,7.1447,Hydro,2600.5407888692002
13664,NOR,Norway,Rana,570.0,66.3034,14.2624,Hydro,2555.703878716283
13709,NOR,Norway,Tokke,480.0,59.4479,8.0354,Hydro,2152.1716873400273
13559,NOR,Norway,Holen,460.0,59.346,7.2493,Hydro,2062.497867034193
13735,OMN,Oman,Sohar Alumnium,1000.0,24.4722,56.6331,Gas,5823.2758620689665
13733,OMN,Oman,SMN Barka,716.0,23.707,57.9816,Gas,4169.465517241379
13732,OMN,Oman,Rusail,684.0,23.5542,58.1993,Gas,3983.120689655172
13734,OMN,Oman,Sohar,632.0,24.4885,56.6135,Gas,3680.3103448275865
13729,OMN,Oman,AL GHUBRAH,480.0,23.6031,58.4164,Gas,2795.172413793104
13728,OMN,Oman,ACWA Barka,471.0,23.7073,57.9845,Gas,2742.7629310344832
13736,OMN,Oman,Wadi Jizzi,325.0,24.308,56.4235,Gas,1892.564655172414
13730,OMN,Oman,Al Kamil,285.0,22.3903,59.0695,Gas,1659.6336206896551
13731,OMN,Oman,Manah,279.0,22.7067,57.5779,Gas,1624.6939655172416
13787,PAK,Pakistan,Tarbela,3478.0,34.0889,72.6861,Hydro,13681.108440973265
13756,PAK,Pakistan,Hub Power Project,1292.0,24.9057,66.6946,Oil,11122.701009684732
13739,PAK,Pakistan,Bin Qasim,1260.0,24.7844,67.3604,Oil,10847.216154955695
13752,PAK,Pakistan,Ghazi Barotha,1450.0,33.7793,72.259,Hydro,5703.739861820368
13790,PAK,Pakistan,Uch Power Limited,586.0,28.5828,68.1782,Gas,5432.156326673677
13764,PAK,Pakistan,Kot Addu Power Company ltd.,1368.0,30.4451,70.9811,Hydro,5381.1835386001785
13741,PAK,Pakistan,Chasnupp,1330.0,32.392,71.4616,Nuclear,4614.655760054533
13767,PAK,Pakistan,Mangla,1000.0,33.1373,73.6416,Hydro,3933.6136978071495
13791,PAK,Pakistan,Uch-II Power Project,404.0,28.5828,68.1782,Gas,3745.036102348405
13774,PAK,Pakistan,Pak Gen (Pvt) Limited,365.0,30.1721,70.9929,Oil,3142.249124253039
13801,PAN,Panama,Edwin Fabrega (Fortuna)  Hydroelectric Power Plant Panama,300.0,8.679,-82.2626,Hydro,1420.8298052497885
13807,PAN,Panama,PanAm IC Power Plant Panama,96.0,8.9091,-79.7809,Oil,1250.487804878049
13798,PAN,Panama,Bayano Hydroelectric Power Plant Panama,260.0,9.1771,-78.8844,Hydro,1231.385831216483
13800,PAN,Panama,Changuinola I Hydroelectric Power Plant Panama,222.4,9.2703,-82.5154,Hydro,1053.3084956251764
13795,PAN,Panama,ACP Miraflores 3 and 4 Thermal Power Plant Panama,59.0,9.0012,-79.5909,Oil,768.5289634146343
13796,PAN,Panama,ACP Miraflores IC Power Plant Panama,54.0,9.0003,-79.5907,Oil,703.3993902439024
13808,PAN,Panama,Pedregal Pacora Power Plant Panama,53.4,9.1053,-79.2729,Oil,695.5838414634147
13797,PAN,Panama,Bahia las Minas Coal Power Plant Panama,120.0,9.3764,-79.8233,Coal,687.0
13802,PAN,Panama,Esti Hydroelectric Power Plant Panama,120.0,8.543,-82.298,Hydro,568.3319220999152
13805,PAN,Panama,Los Valles Hydroelectric Power Plant Panama,54.8,8.6777,-82.3476,Hydro,259.538244425628
13810,PRY,Paraguay,Itaipu Binacional Dam (Paraguay part),7000.0,-25.4081,-54.5889,Hydro,44170.319634703206
13811,PRY,Paraguay,Yacyretá Dam,1550.0,-27.4827,-56.725,Hydro,9780.570776255709
13809,PRY,Paraguay,Acaray Dam,210.0,-25.4591,-54.6289,Hydro,1325.1095890410961
13813,PER,Peru,Antunez de Mayolo (Mantaro),798.0,-12.4644,-74.7865,Hydro,6476.12853695986
13824,PER,Peru,Kallpa,952.3,-12.4976,-76.7295,Gas,4668.106588146966
13816,PER,Peru,Chilca 1,734.1,-12.497,-76.7292,Gas,3598.5057716672136
13819,PER,Peru,Fenix,578.8,-12.544,-76.7357,Gas,2837.2362629627887
13834,PER,Peru,Reserva Fria Ilo,569.0,-17.7772,-71.1871,Gas,2789.197362864248
13840,PER,Peru,Ventanilla,524.0,-11.9358,-77.118,Gas,2568.6105766974797
13837,PER,Peru,Santa Rosa,491.0,-12.0401,-77.0119,Gas,2406.8469335085165
13821,PER,Peru,Huinco,258.0,-11.8113,-76.6248,Hydro,2093.7859179644656
13814,PER,Peru,CaÑon del Pato,247.0,-8.813,-77.8526,Hydro,2004.5159757256708
13818,PER,Peru,El Platanal,220.0,-12.8374,-75.9774,Hydro,1785.3988447759011
13881,PHL,Philippines,ILIJAN,1271.0,13.622,121.0795,Gas,6964.230430958663
13925,PHL,Philippines,STA RITA,1060.0,13.7703,121.035,Gas,5808.091468777484
13935,PHL,Philippines,Sual power station,1218.0,16.1243,120.1012,Coal,4610.9711039593185
13912,PHL,Philippines,Pagbilao power station,1154.0,13.8932,121.745,Coal,4368.68690802057
13869,PHL,Philippines,Calaca power station,900.0,13.9303,120.7886,Coal,3407.1215053886604
13938,PHL,Philippines,UNIFIED LEYTE,610.2,11.1308,124.6553,Geothermal,3403.2797316307756
13918,PHL,Philippines,SAN LORENZO,530.0,13.7717,124.0349,Gas,2904.045734388742
13897,PHL,Philippines,Masinloc power station,660.0,15.5645,119.9233,Coal,2498.5557706183504
13890,PHL,Philippines,MAKBAN,442.8,14.0881,121.2264,Geothermal,2469.6366194134835
13928,PHL,Philippines,San Gabriel,450.0,13.7769,121.0261,Gas,2465.6992084432723
13943,POL,Poland,Bełchatów,5472.0,51.2679,19.3265,Coal,23251.625440098192
14086,POL,Poland,Kozienice,2673.0,51.6658,21.4647,Coal,11358.113085047966
14106,POL,Poland,Połaniec Zielony Blok,205.0,50.4374,21.3404,Biomass,9512.953488372092
14112,POL,Poland,Rybnik,1775.0,50.1331,18.5232,Coal,7542.3309861429625
14105,POL,Poland,Połaniec,1623.0,50.4365,21.3377,Coal,6896.452501695791
14122,POL,Poland,Turów,1498.0,50.9482,14.9128,Coal,6365.302432249104
14095,POL,Poland,Opole,1492.0,50.7514,17.8845,Coal,6339.807228915663
13949,POL,Poland,Dolna Odra,1362.0,53.2067,14.4651,Coal,5787.411156691107
14083,POL,Poland,Jaworzno III,1345.0,50.2064,19.2046,Coal,5715.1747472463585
14108,POL,Poland,Pątnów I,1244.0,52.3013,18.2344,Coal,5286.0054911334355
14512,PRT,Portugal,Sines power station,1296.0,37.9322,-8.8038,Coal,7831.037411526794
14295,PRT,Portugal,Frades II,780.0,41.6934,-8.0279,Hydro,4637.417812313213
14408,PRT,Portugal,Pego power station,682.0,39.468,-8.1097,Coal,4120.962588473205
14146,PRT,Portugal,Alto Lindoso,630.0,41.8693,-8.2029,Hydro,3745.606694560672
14453,PRT,Portugal,Ribatejo,1176.0,39.0118,-8.9521,Gas,2098.9250457038393
14532,PRT,Portugal,Tapada do Outeiro,990.0,41.07,-8.4587,Gas,1766.9522068425174
14406,PRT,Portugal,Pego C.C.,837.0,39.4689,-8.1113,Gas,1493.8777748759467
14325,PRT,Portugal,Lares,826.0,40.1245,-8.775,Gas,1474.2449725776964
14145,PRT,Portugal,Alto Douro,253.2,41.0696,-7.5769,Wind,620.4573956008604
14252,PRT,Portugal,Cogeração da Figueira da Foz (Lavos),95.0,40.0576,-8.8595,Biomass,589.0041951865754
14605,QAT,Qatar,Ras Laffan C (Ras Qartas) CCGT Power Plant Qatar,2730.0,25.936,51.5235,Gas,10014.141069397043
14597,QAT,Qatar,Mesaieed CCGT Power Plant Qatar,2007.0,24.9753,51.5783,Gas,7362.044368600684
14598,QAT,Qatar,Qatalum CCGT Power Plant Qatar,1350.0,24.9713,51.5811,Gas,4952.047781569965
14604,QAT,Qatar,Ras Laffan B CCGT Power Plant Qatar,1025.0,25.9243,51.5481,Gas,3759.88813045127
14603,QAT,Qatar,Ras Laffan A Cogen GT Power Plant Qatar,756.0,25.9228,51.5452,Gas,2773.146757679181
14599,QAT,Qatar,Ras Abu Fontas A OCGT Cogen Power Plant Qatar,626.0,25.2058,51.6174,Gas,2296.282897231703
14600,QAT,Qatar,Ras Abu Fontas B OCGT Cogen Power Plant Qatar,609.0,25.1989,51.6166,Gas,2233.9237770193404
14602,QAT,Qatar,Ras Abu Fontas B-2 OCGT Cogen Power Plant Qatar,567.0,25.1964,51.6159,Gas,2079.8600682593856
14601,QAT,Qatar,Ras Abu Fontas B-1 OCGT Power Plant Qatar,376.0,25.1978,51.6167,Gas,1379.237011755783
14595,QAT,Qatar,Al Wajbha GT Power Plant Qatar,301.0,25.2997,51.4046,Gas,1104.123246113007
14619,ROU,Romania,NPP Cernavoda,1298.0,44.3215,28.0568,Nuclear,11676.0
14609,ROU,Romania,HPP Portile de Fier I,1161.0,44.6733,22.532,Hydro,6717.911164465786
14635,ROU,Romania,Turceni power station,1650.0,44.6694,23.408,Coal,5059.962114689168
14621,ROU,Romania,Rovinari power station,1320.0,44.9068,23.1383,Coal,4047.9696917513343
14637,ROU,Romania,WPP Cogealac,246.0,44.5903,28.5653,Wind,3951.932642487047
14618,ROU,Romania,Mintia-Deva power station,1075.0,45.9134,22.8254,Coal,3296.6419838126403
14607,ROU,Romania,HPP Lotru,509.0,45.4472,23.7683,Hydro,2945.234093637455
14627,ROU,Romania,TPP CCCC Petrom Brazi,860.0,44.8802,25.9988,Gas,2079.1885441527447
14611,ROU,Romania,HPP Raul Mare,335.0,45.3391,22.7213,Hydro,1938.4153661464584
14617,ROU,Romania,Isalnita power station,630.0,44.3886,23.718,Coal,1931.9855346995005
14693,RUS,Russia,CHP-23,5690.0,55.9162,37.6879,Gas,29966.713595627665
14653,RUS,Russia,Balakovo NPP,4000.0,52.0928,47.9539,Nuclear,25668.418063050267
14822,RUS,Russia,Kalinn NPP,4000.0,57.905,35.0614,Nuclear,25668.418063050267
14868,RUS,Russia,Kursk,4000.0,51.675,35.6056,Nuclear,25668.418063050267
14873,RUS,Russia,Leningrad NPP,4000.0,59.8528,29.0486,Nuclear,25668.418063050267
14976,RUS,Russia,Rostov NPP,4000.0,47.5993,42.3717,Nuclear,25668.418063050267
14860,RUS,Russia,Krasnoyarsk,6000.0,55.9367,92.2956,Hydro,23312.40250362788
15009,RUS,Russia,Smolensk,3000.0,54.1647,33.2367,Nuclear,19251.313547287704
14862,RUS,Russia,Krostromskaya,3600.0,57.4596,41.1741,Gas,18959.607898815397
14957,RUS,Russia,Permskaya,3363.0,58.4959,56.3471,Gas,17711.433712143382
15199,SAU,Saudi Arabia,SHAIBA (SEC),6794.0,20.63,39.555,Oil,20816.3723584541
15151,SAU,Saudi Arabia,GHAZLAN,4256.0,26.85,49.896,Gas,19677.547930388046
15154,SAU,Saudi Arabia,Hajr for Electricity Production Co. Station,4098.0,25.83,50.132,Gas,18947.037457408413
15179,SAU,Saudi Arabia,QURAYYAH- CC,3846.0,25.86,50.118,Gas,17781.91948784596
15171,SAU,Saudi Arabia,MARAFIQ IWPP (1),2941.3,26.9,49.769,Gas,13599.053507436643
15181,SAU,Saudi Arabia,RABIGH,4348.299999999998,22.66,39.033,Oil,13322.907260268756
15178,SAU,Saudi Arabia,QURAYYAH -STEAM,2500.0,25.86,50.118,Gas,11558.710015500496
15196,SAU,Saudi Arabia,Riyadh 9,3616.6000000000017,24.95,47.065,Oil,11081.026239562134
15188,SAU,Saudi Arabia,Riyadh 10,3160.6099999999988,24.41,47.013,Oil,9683.902655262524
15195,SAU,Saudi Arabia,Riyadh 8,2071.92,24.6,46.571,Gas,9579.488982126315
15222,SEN,Senegal,Cap Des Biches,327.0,17.7197,-17.2996,Oil,2166.5157505420225
15220,SEN,Senegal,Bel-Air,98.6,14.717,-17.478,Oil,653.2674403775028
15225,SEN,Senegal,Sambangalou,120.0,12.3664,-12.1901,Hydro,323.0
15221,SEN,Senegal,Boutoute,19.0,12.5819,-16.2782,Oil,125.88317816605024
15223,SEN,Senegal,Kaolack,15.36,14.15,-16.0667,Oil,101.76661140160692
15224,SEN,Senegal,Saint-Louis,10.5,16.0333,-16.5,Oil,69.56701951281723
15236,SRB,Serbia,TENT A,1730.0,44.6711,20.1593,Coal,6887.065373563219
15227,SRB,Serbia,HE DJERDAP I,1086.0,44.6684,22.5268,Hydro,5278.687029288703
15237,SRB,Serbia,TENT B,1270.0,44.6551,20.0053,Coal,5055.822557471264
15229,SRB,Serbia,RHE BAJINA BASTA,614.0,43.9645,19.4102,Hydro,2984.451046025105
15234,SRB,Serbia,TE KOSTOLAC B,697.0,44.7307,21.2104,Coal,2774.730962643678
15232,SRB,Serbia,TE KOSOVO B,618.0,42.6945,21.059,Coal,2460.234913793104
15231,SRB,Serbia,TE KOSOVO A,617.0,42.6773,21.0886,Coal,2456.253951149425
15226,SRB,Serbia,HE BAJINA BASTA,420.0,43.9645,19.4102,Hydro,2041.4811715481171
15228,SRB,Serbia,HE DJERDAP II,270.0,44.3065,22.5667,Hydro,1312.3807531380753
15233,SRB,Serbia,TE KOSTOLAC A,281.0,44.7229,21.1717,Coal,1118.6505028735633
15246,SGP,Singapore,Senoko I-VII CCGT Power Plants Singapore,2807.0,1.4655,103.7996,Gas,13824.004815745393
15243,SGP,Singapore,PowerSeraya Pulau Seraya CCGT Cogen Power Plant Singapore,1540.0,1.2765,103.7266,Gas,7584.2420435510885
15249,SGP,Singapore,Tuas CCGT Power Station Singapore,1470.0,1.2888,103.6414,Gas,7239.503768844221
15239,SGP,Singapore,Keppel Merlimau Cogen Power Plant Singapore,1300.0,1.2824,103.675,Gas,6402.282244556113
15245,SGP,Singapore,SembCorp Pulau Sakra CCGT Cogen Power Station Singapore,1215.0,1.254,103.7026,Gas,5983.671482412061
15238,SGP,Singapore,Jurong Island - PLP CCGT Power Plant Singapore,800.0,1.2843,103.725,Gas,3939.865996649917
15241,SGP,Singapore,Pasir Panjang Gas Turbine Power Station Singapore,210.0,1.2715,103.7989,Gas,1034.214824120603
15242,SGP,Singapore,PowerSeraya OCGT Power Plant Singapore,210.0,1.2813,103.7239,Gas,1034.214824120603
15251,SGP,Singapore,Tuas South WTE Incineration Plant Singapore,80.0,1.2959,103.6205,Waste,637.9746835443037
15248,SGP,Singapore,Senoko WTE Incineration Plant Singapore,56.0,1.4624,103.795,Waste,446.5822784810126
15252,SVK,Slovakia,Bohunice Nuclear Power Plant Slovakia,880.0,48.496,17.6816,Nuclear,7749.5
15269,SVK,Slovakia,Mochovce Nuclear Power Plant Slovakia,880.0,48.2621,18.459,Nuclear,7749.5
15279,SVK,Slovakia,Vojany (EVO) Thermal Power Plant Slovakia,880.0,48.5536,21.9782,Coal,2112.503576537912
15253,SVK,Slovakia,Cierny Vah Pumped Storage Hydroelectric Power Plant Slovakia,735.0,49.0088,19.9122,Hydro,1413.0839430211215
15256,SVK,Slovakia,Gabcikovo Hydroelectric Power Plant Slovakia,720.0,47.88,17.5384,Hydro,1384.2454952043638
15271,SVK,Slovakia,Novaky (ENO) Thermal CHP Power Plant Slovakia,518.0,48.6988,18.5335,Coal,1243.4964234620884
15267,SVK,Slovakia,Malzenice CCGT Power Plant Slovakia,430.0,48.4296,17.6978,Gas,956.2774725274727
15274,SVK,Slovakia,PPC Bratislava CCGT CHP Power Plant Slovakia,218.0,48.1775,17.1548,Gas,484.81043956043953
15265,SVK,Slovakia,Liptovska Mara Pumped Storage Hydroelectric Power Plant Slovakia,198.0,49.0986,19.4889,Hydro,380.66751118120004
15268,SVK,Slovakia,Miskova Hydroelectric Power Plant Slovakia,93.6,49.1928,18.5083,Hydro,179.95191437656726
15284,SVN,Slovenia,Krsko (NEK),696.0,45.9389,15.516,Nuclear,6370.0
15285,SVN,Slovenia,Sostanj (TEŠ),1099.0,46.3723,15.0534,Coal,3127.2831188493565
15287,SVN,Slovenia,ČHE Avče,180.0,46.1027,13.6708,Hydro,2715.355450236967
15283,SVN,Slovenia,HE Zlatoličje,126.0,46.448,15.787,Hydro,1900.7488151658765
15282,SVN,Slovenia,HE Formin,116.0,46.4026,16.0339,Hydro,1749.8957345971564
15280,SVN,Slovenia,Brestanica (TEB),297.0,45.9975,15.4796,Gas,374.0
15281,SVN,Slovenia,Energetika Ljubljana,112.0,46.058,14.5451,Coal,318.7040121120363
15286,SVN,Slovenia,TET,110.0,46.1258,15.0611,Coal,313.01286903860716
15333,ZAF,South Africa,Kendal power station,4116.0,-26.088,28.9689,Coal,23998.450017590592
15351,ZAF,South Africa,Majuba power station,4110.0,-27.0955,29.7706,Coal,23963.466854299644
15353,ZAF,South Africa,Matimba power station,3990.0,-23.6678,27.6128,Coal,23263.803588480678
15344,ZAF,South Africa,Lethabo power station,3708.0,-26.7403,27.975,Coal,21619.5949138061
15380,ZAF,South Africa,Tutuka power station,3654.0,-26.7767,29.3527,Coal,21304.746444187567
15314,ZAF,South Africa,Duvha power station,3600.0,-25.9595,29.3409,Coal,20989.89797456903
15354,ZAF,South Africa,Matla power station,3600.0,-26.2804,29.1423,Coal,20989.89797456903
15341,ZAF,South Africa,Kriel power station,3000.0,-26.254,29.1801,Coal,17491.58164547419
15337,ZAF,South Africa,Koeberg,1800.0,-33.6737,18.4281,Nuclear,13794.0
15293,ZAF,South Africa,Arnot power station,2352.0,-25.9444,29.7917,Coal,13713.400010051766
15434,KOR,South Korea,Hanbit,5900.0,35.4105,126.4175,Nuclear,39989.65591957012
15436,KOR,South Korea,Hanul,5900.0,37.0931,129.383,Nuclear,39989.65591957012
15505,KOR,South Korea,Yeongheung,5080.0,37.2369,126.4361,Coal,35493.9184498838
15394,KOR,South Korea,Boryeong (poryang),4000.0,36.402,126.49,Coal,27947.967283373076
15413,KOR,South Korea,Dangjin,4000.0,37.0543,126.5133,Coal,27947.967283373076
15433,KOR,South Korea,Hadong,4000.0,34.9512,127.8213,Coal,27947.967283373076
15494,KOR,South Korea,Taean,4000.0,36.904,126.233,Coal,27947.967283373076
15483,KOR,South Korea,Shin-Kori,3340.0,35.3271,129.3017,Nuclear,22638.21199514647
15469,KOR,South Korea,Samcheonpo,3240.0,34.9103,128.1085,Coal,22637.853499532193
15454,KOR,South Korea,Kori,3137.0,35.3199,129.2948,Nuclear,21262.29671520194
15591,ESP,Spain,CN ALMARAZ 1,2016.9,39.807,-5.6986,Nuclear,16232.792209616211
15538,ESP,Spain,ASCO GR,1990.5,41.2008,0.5679,Nuclear,16020.314786673147
15592,ESP,Spain,CN COFRENTES,1063.94,39.2134,-1.0509,Nuclear,8563.001112350179
16120,ESP,Spain,VANDELLOS GR 2,1045.31,40.9511,0.8662,Nuclear,8413.059658205128
16116,ESP,Spain,TRILLO,1003.41,40.7016,-2.6227,Nuclear,8075.832233155339
15696,ESP,Spain,LITORAL DE ALMERIA GR 2,1119.59,36.9783,-1.9054,Coal,5773.658114082276
16108,ESP,Spain,TERUEL GR 3,1055.77,40.9966,-0.3798,Coal,5444.542222692812
15598,ESP,Spain,COMPOSTILLA II GR 5,1005.14,42.6125,-6.5647,Coal,5183.446365891674
15520,ESP,Spain,AGROENERGETICA DE BAENA,20.0,37.6167,-4.3225,Biomass,4728.0
15515,ESP,Spain,ABONO 2,877.6600000000002,43.5528,-5.7231,Coal,4526.039693464082
16143,LKA,Sri Lanka,Lakvijaya,900.0,8.0178,79.7232,Coal,3202.0
16133,LKA,Sri Lanka,CEB Kelantitissa,382.0,6.9522,79.8789,Oil,1386.6124481327802
16174,LKA,Sri Lanka,Yugadanavi,300.0,7.0122,79.874,Oil,1088.9626556016597
16171,LKA,Sri Lanka,Victoria,210.0,7.1999,80.8069,Hydro,663.0505653048484
16140,LKA,Sri Lanka,Kotmale,201.0,7.0611,80.5971,Hydro,634.6341125060693
16164,LKA,Sri Lanka,Sojitz Kelanitissa,168.0,6.9523,79.8789,Oil,609.8190871369295
16162,LKA,Sri Lanka,Sapugaskanda,160.0,6.961,79.9608,Oil,580.7800829875519
16167,LKA,Sri Lanka,Upper Kotmale,150.0,7.0433,80.658,Hydro,473.6075466463203
16159,LKA,Sri Lanka,Randenigala,126.0,7.2024,80.9259,Hydro,397.8303391829089
16161,LKA,Sri Lanka,Samanala,124.0,6.9778,80.4567,Hydro,391.5155718942914
16187,SDN,Sudan,Merowe,1250.0,18.6667,32.05,Hydro,7234.530944604257
16191,SDN,Sudan,Roseires,233.6,11.7988,34.3882,Hydro,1351.9891429276433
16181,SDN,Sudan,Khartoum North,351.0,15.65,32.563,Oil,1063.2308449145246
16183,SDN,Sudan,Kilo-X Dit,260.0,15.5881,32.5342,Oil,787.5784036403885
16180,SDN,Sudan,Kenana,50.0,14.0333,33.1667,Oil,151.4573853154593
16189,SDN,Sudan,Port Sudan,38.1,19.6158,37.2164,Oil,115.41052761038004
16184,SDN,Sudan,Kilo-X Nec,33.5,15.6482,32.563,Oil,101.47644816135777
16178,SDN,Sudan,Jebel Aulia Dam,15.2,15.2396,32.4649,Hydro,87.97189628638775
16179,SDN,Sudan,Jebel Aulia Dam,15.2,15.2381,32.4857,Hydro,87.97189628638775
16192,SDN,Sudan,Sennar,15.0,13.5667,33.6333,Hydro,86.81437133525107
16317,SWE,Sweden,Ringhals,3932.0,57.2574,12.1087,Nuclear,26131.567711534517
16228,SWE,Sweden,Forsmark,3227.0,60.4028,18.1744,Nuclear,21446.228129481664
16311,SWE,Sweden,Oskarshamn,2603.0,57.413,16.6683,Nuclear,17299.204158983815
16264,SWE,Sweden,Karlshamn,1020.0,56.1522,14.8325,Hydro,5080.710291743678
16211,SWE,Sweden,Bjorkhojden,288.0,63.423,16.1473,Wind,4641.216468225505
16246,SWE,Sweden,Harspranget,871.0,66.8857,19.8186,Hydro,4338.5281020673965
16361,SWE,Sweden,​Värtaverket,389.0,59.3532,18.0985,Biomass,4024.443937492871
16338,SWE,Sweden,Stornorrfors,599.0,63.8803,20.0184,Hydro,2983.6720242690812
16287,SWE,Sweden,Letsi,486.0,66.5024,20.3797,Hydro,2420.809021360223
16295,SWE,Sweden,Messaure,463.0,66.6855,20.3359,Hydro,2306.2439853699248
16432,CHE,Switzerland,Kernkraftwerk Leibstadt,1245.0,47.6012,8.1845,Nuclear,10002.467930029154
16431,CHE,Switzerland,Kernkraftwerk Gösgen,1035.0,47.3656,7.968,Nuclear,8315.304664723033
16430,CHE,Switzerland,Kernkraftwerk Beznau,760.0,47.552,8.2281,Nuclear,6105.924198250729
16381,CHE,Switzerland,Bieudron,1285.0,46.1855,7.2512,Hydro,5276.876331740417
16448,CHE,Switzerland,Limmern,1000.0,46.8489,9.0118,Hydro,4106.518546101492
16433,CHE,Switzerland,Kernkraftwerk Mühleberg,390.0,46.9689,7.2684,Nuclear,3133.3032069970845
16462,CHE,Switzerland,Nendaz,392.0,46.1822,7.248,Hydro,1609.755270071785
16414,CHE,Switzerland,Grimsel 2,348.0,46.5654,8.3278,Hydro,1429.0684540433194
16382,CHE,Switzerland,Bitsch (Biel),340.0,46.3336,8.0086,Hydro,1396.216305674507
16379,CHE,Switzerland,Biasca,324.0,46.3335,8.9798,Hydro,1330.5120089368836
16536,SYR,Syrian Arab Republic,Dier Ali CCGT Power Plant Syria,750.0,33.2698,36.3278,Gas,3599.176389842141
16538,SYR,Syrian Arab Republic,Jandar CCGT Power Plant Syria,700.0,34.4662,36.7834,Gas,3359.2312971859988
16545,SYR,Syrian Arab Republic,Zayzoun (Zayzun) CCGT Power Plant Syria,544.0,35.737,36.362,Gas,2610.602608098833
16528,SYR,Syrian Arab Republic,Al Nasryeh (Nasserieh) OCGT Power Plant Syria,384.0,33.8012,36.6828,Gas,1842.7783115991767
16541,SYR,Syrian Arab Republic,Taqba (Al-Thawra) Hydroelectric Power Project Syria,800.0,35.8722,38.5667,Hydro,1594.6843853820599
16532,SYR,Syrian Arab Republic,Aleppo Thermal Power Plant Syria,1065.0,36.1763,37.437,Oil,1423.8032139836484
16542,SYR,Syrian Arab Republic,Teshreen (Tishrin) Hydroelectric Power Project Syria,630.0,36.3814,38.1833,Hydro,1255.8139534883721
16543,SYR,Syrian Arab Republic,Teshreen (Tishrin) OCGT Power Project Syria,256.0,33.4214,36.6889,Gas,1228.5188743994506
16535,SYR,Syrian Arab Republic,Banias Thermal Power Plant Syria,680.0,35.1715,35.927,Oil,909.0950098674936
16530,SYR,Syrian Arab Republic,Al-Zara Thermal Power Plant Syria,660.0,34.959,36.661,Oil,882.3569213419793
16578,TWN,Taiwan,Taizhong Taichung,5500.0,24.2131,120.485,Coal,48610.46511627908
16566,TWN,Taiwan,Mailao,4200.0,23.8033,120.1902,Coal,37120.71881606765
16552,TWN,Taiwan,Dah-Tarn,4380.0,25.027,121.048,Gas,26446.97507067592
16559,TWN,Taiwan,Hsinta (coal),2200.0,22.8558,120.1972,Coal,19444.186046511622
16562,TWN,Taiwan,Kuosheng,2040.0,25.2025,121.6629,Nuclear,16584.87917146145
16565,TWN,Taiwan,Maanshan,1902.0,21.9589,120.7501,Nuclear,15462.960874568467
16560,TWN,Taiwan,Hsinta (gas),2410.0,22.8519,120.1991,Gas,14551.874411034009
16555,TWN,Taiwan,Ho-Ping power station,1296.0,24.3078,121.7635,Coal,11454.393234672305
16580,TWN,Taiwan,Tunghsiao,1785.0,24.4905,120.6694,Gas,10778.048059624774
16549,TWN,Taiwan,Chinshan,1272.0,25.2861,121.5874,Nuclear,10341.15995397008
16587,TJK,Tajikistan,Nurek,3015.0,38.3717,69.3481,Hydro,10293.615568453395
16588,TJK,Tajikistan,Sangtuda 1,700.0,38.0435,69.0583,Hydro,2389.8941618299764
16582,TJK,Tajikistan,Baipaza,600.0,38.2674,69.1237,Hydro,2048.4807101399797
16584,TJK,Tajikistan,Golovnaya,210.0,37.8839,68.937,Hydro,716.9682485489927
16585,TJK,Tajikistan,Kairakkum,126.0,40.2759,69.815,Hydro,430.1809491293957
16590,TJK,Tajikistan,Varzob 2,14.4,38.6122,68.7767,Hydro,49.16353704335951
16589,TJK,Tajikistan,Varzob 1,11.0,38.586,68.7785,Hydro,37.555479685899634
16586,TJK,Tajikistan,Khorog,10.0,37.4897,71.553,Hydro,34.141345168999656
16583,TJK,Tajikistan,Dushanbe,430.0,38.6106,68.7726,Oil,0.0
16591,TJK,Tajikistan,Yavan,180.0,38.296,68.932,Oil,0.0
16602,TZA,Tanzania,Ubungo Gas (Songas),207.5,-6.7945,39.2086,Gas,1633.8680659670165
16593,TZA,Tanzania,IPTL Tanzania,100.0,-6.6741,39.1873,Oil,963.0
16594,TZA,Tanzania,Kidatu,204.0,-7.6354,36.8837,Hydro,941.8181818181821
16595,TZA,Tanzania,Kihansi,180.0,-8.575,35.8513,Hydro,831.0160427807486
16598,TZA,Tanzania,Nyakato,63.0,-2.524,32.9662,Gas,496.06596701649175
16596,TZA,Tanzania,Mtera,80.0,-7.1363,35.9838,Hydro,369.3404634581106
16601,TZA,Tanzania,Tegeta,45.0,-6.6741,39.1843,Gas,354.3328335832084
16600,TZA,Tanzania,Pangani Falls,68.0,-5.3491,38.6503,Hydro,313.93939393939394
16597,TZA,Tanzania,Mtwara,18.0,-10.26,40.041,Gas,141.73313343328337
16592,TZA,Tanzania,Hale,21.0,-5.2981,38.6041,Hydro,96.951871657754
16614,THA,Thailand,Bang Pakong,4384.0,13.501,101.0253,Gas,17948.376670465143
16688,THA,Thailand,Mae Mah,2400.0,18.2963,99.7499,Coal,17146.311787072245
16714,THA,Thailand,Ratchaburi (RATCHGEN),3645.0,13.5979,99.8841,Gas,14922.86335854139
16607,THA,Thailand,BLCP Power,1346.0,12.6448,101.1605,Coal,9616.223193916348
16768,THA,Thailand,Wang Noi,2027.0,14.2324,100.7805,Gas,8298.6677716772
16737,THA,Thailand,South Bangkok,1691.0,13.617,100.559,Gas,6923.06226043717
16703,THA,Thailand,Nong Saeng,1600.0,14.4417,100.7756,Gas,6550.50243447633
16719,THA,Thailand,Rojana Power Plant 1,1600.0,14.3324,100.6382,Gas,6550.50243447633
16625,THA,Thailand,Chana,1531.0,6.9553,100.7076,Gas,6268.012016989537
16642,THA,Thailand,Kaeng Khoi 2,1468.0,14.605,101.0259,Gas,6010.085983632032
16772,TGO,Togo,Nangbeto,65.6,7.424,1.435,Hydro,120.0
16771,TGO,Togo,Lome,101.214,6.17,1.35,Oil,17.0
16773,TGO,Togo,Tag-Lpo,28.3,6.1699,1.3496,Gas,0.0
16776,TTO,Trinidad and Tobago,Point Lisas,852.0,10.4188,-61.4855,Gas,4486.915029888984
16779,TTO,Trinidad and Tobago,Union Estate Power Station,720.0,10.2171,-61.6254,Gas,3791.7591801878743
16775,TTO,Trinidad and Tobago,Penal,236.0,10.1476,-61.4747,Gas,1242.8543979504698
16774,TTO,Trinidad and Tobago,Cove Power Station,65.6,11.1425,-60.7913,Gas,345.4713919726729
16777,TTO,Trinidad and Tobago,Port of Spain,260.0,10.6565,-61.5182,Oil,23.025830258302584
16778,TTO,Trinidad and Tobago,Scarborough,11.0,11.1847,-60.7378,Oil,0.9741697416974168
16796,TUN,Tunisia,Rades A1,700.0,36.7967,10.283,Gas,2583.196046128501
16781,TUN,Tunisia,Bir Mcherga 1,486.0,36.4634,10.0567,Gas,1793.476112026359
16789,TUN,Tunisia,IPP Rades 2,470.0,36.799,10.2865,Gas,1734.4316309719934
16802,TUN,Tunisia,Sousse C,424.0,35.7855,10.6782,Gas,1564.6787479406921
16803,TUN,Tunisia,Sousse D,424.0,35.7855,10.6782,Gas,1564.6787479406921
16786,TUN,Tunisia,Ghannouch,415.0,33.9263,10.0932,Gas,1531.466227347611
16804,TUN,Tunisia,Thyna 1,375.0,34.6868,10.6424,Gas,1383.8550247116968
16801,TUN,Tunisia,Sousse B,364.0,35.7848,10.6791,Gas,1343.2619439868206
16800,TUN,Tunisia,Sousse A,320.0,35.7848,10.6791,Gas,1180.8896210873147
16784,TUN,Tunisia,Feriana 1,236.0,34.9054,8.5408,Gas,870.9060955518947
16807,TUR,Turkey,Afşin Elbistan Termik Santrali,2795.0,38.3537,36.981,Coal,12037.899418309144
16843,TUR,Turkey,Enka Gebze Doğalgaz Santrali,1595.0,40.7638,30.393,Gas,10995.2958664456
16844,TUR,Turkey,Enka İzmir Doğalgaz Santrali,1520.0,38.7467,26.9563,Gas,10478.275684637814
16830,TUR,Turkey,Bursa Doğalgaz Santrali,1432.0,40.2952,29.0736,Gas,9871.638671316678
16812,TUR,Turkey,Ambarlı B Doğalgaz Santrali,1351.0,40.9834,28.6921,Gas,9313.256874964267
16890,TUR,Turkey,Zonguldak Eren (ZETES),2090.0,41.5035,31.8875,Coal,9001.506183995029
16853,TUR,Turkey,Hamitabat Termik Santrali,1156.0,41.4827,27.3366,Gas,7969.004402264021
16808,TUR,Turkey,Aksa Antalya Doğalgaz Santrali,1150.0,37.1203,30.6016,Gas,7927.642787719399
16815,TUR,Turkey,Atatürk Dam,2400.0,37.4825,38.3186,Hydro,7048.775200520268
16818,TUR,Turkey,Bandırma Doğalgaz Santrali,931.0,40.3786,27.9116,Gas,6417.94385684066
16905,TKM,Turkmenistan,Abadan Power Plant Turkmenistan,371.0,38.0592,58.1641,Gas,6419.3384223918565
16906,TKM,Turkmenistan,Ashgabat OCGT Power Plant,254.0,37.8285,58.3841,Gas,4394.910941475827
16908,TKM,Turkmenistan,Dashoguz OCGT Power Plant Turkmenistan,254.0,41.8603,59.9479,Gas,4394.910941475827
16907,TKM,Turkmenistan,Balkanabat OCGT Power Plant Turkmenistan,174.0,39.5105,54.3273,Gas,3010.6870229007627
16911,TKM,Turkmenistan,Turkmenbashi Oil Refinery OCGT Power Plant Turkmenistan,126.0,40.0328,52.959,Gas,2180.152671755725
16909,TKM,Turkmenistan,Mary Thermal Power Plant Turkmenistan,1685.0,37.5,61.8417,Oil,0.0
16910,TKM,Turkmenistan,Turkmenbashi Heat and Power Plant Turkmenistan,590.0,40.0101,52.9255,Oil,0.0
16946,UKR,Ukraine,Zaporozhye,6000.0,47.5119,34.5863,Nuclear,38332.77918323094
16940,UKR,Ukraine,South Ukraine,3000.0,47.812,31.22,Nuclear,19166.38959161547
16937,UKR,Ukraine,Rivne (Rouno),2835.0,51.3245,25.8974,Nuclear,18112.238164076618
16925,UKR,Ukraine,Khmelnytska,2000.0,50.3024,26.6473,Nuclear,12777.593061076976
16944,UKR,Ukraine,Vuglegirska power station,3600.0,48.4652,38.2027,Coal,9557.830508474577
16928,UKR,Ukraine,Kiev CHP-5,1200.0,50.532,30.6625,Gas,8768.275862068966
16945,UKR,Ukraine,Zaporizhia power station,2825.0,47.5089,34.6253,Coal,7500.241996233522
16947,UKR,Ukraine,Zmiivska power station,2425.0,49.5853,36.5236,Coal,6438.260828625235
16912,UKR,Ukraine,Burshtyn power station,2334.0,49.2104,24.6665,Coal,6196.660112994351
16933,UKR,Ukraine,Ladyzhyn power station,1800.0,48.706,29.2202,Coal,4778.9152542372885
16970,ARE,United Arab Emirates,Shuweihat S1,4889.0,24.165,52.568,Gas,17940.592294909624
16949,ARE,United Arab Emirates,APC UAN,2430.0,24.4375,54.491,Gas,8917.087190965509
16971,ARE,United Arab Emirates,TAPCO,2200.0,24.768,54.6873,Gas,8073.083053549022
16955,ARE,United Arab Emirates,FAPCO (Fuj F2),2114.0,25.3142,56.3728,Gas,7757.498897819378
16963,ARE,United Arab Emirates,"Jebel Ali ""M""",2060.0,25.0592,55.1181,Gas,7559.341404686809
16967,ARE,United Arab Emirates,New Mirfah (MIPCO),1728.0,24.104,53.4264,Gas,6341.03978024214
16972,ARE,United Arab Emirates,Taweelah A1,1671.0,24.7609,54.6803,Gas,6131.8735374910975
16962,ARE,United Arab Emirates,"Jebel Ali ""L"" - Ph ll",1393.0,25.0508,55.1112,Gas,5111.729406178994
16974,ARE,United Arab Emirates,Wasit Power Station (WPS),1182.0,25.3732,55.4611,Gas,4337.44734967952
16957,ARE,United Arab Emirates,"Jebel Ali ""D""",1027.0,25.0659,55.1235,Gas,3768.661952724929
19368,GBR,United Kingdom,West Burton,2012.0,53.3604,-0.8102,Coal,16692.596616785948
17537,GBR,United Kingdom,Cottam,2008.0,53.304,-0.7815,Coal,16659.410540013014
18852,GBR,United Kingdom,Ratcliffe,2000.0,52.8653,-1.255,Coal,16593.038386467142
17664,GBR,United Kingdom,Drax,1980.0,53.7356,-0.9911,Coal,16427.108002602472
17726,GBR,United Kingdom,Eggborough,1960.0,53.7116,-1.1269,Coal,16261.1776187378
16992,GBR,United Kingdom,Aberthaw B,1586.0,51.3873,-3.4049,Coal,13158.279440468445
18031,GBR,United Kingdom,Heysham 2,1230.0,54.0285,-2.916,Nuclear,8792.334604171341
19031,GBR,United Kingdom,Sizewell B,1198.0,52.2145,1.6206,Nuclear,8563.590939672573
19242,GBR,United Kingdom,Torness,1185.0,55.9679,-2.4086,Nuclear,8470.663825969947
18006,GBR,United Kingdom,Hartlepool,1180.0,54.6341,-1.1801,Nuclear,8434.922628392016
19513,USA,United States of America,A.E.S. Corp.,454.3,17.9474,-66.1494,Coal,450562.6923495511
20013,USA,United States of America,Elizabethtown Power LLC,34.7,34.6472,-78.6415,Coal,34414.53978544887
20719,USA,United States of America,PCA-Valdosta Mill,69.9,30.6944,-83.3031,Biomass,18468.400121552688
19719,USA,United States of America,Brunswick County Power Station,1472.2,36.765,-77.7139,Gas,10372.339739994937
21257,USA,United States of America,Warren County,1472.2,38.9717,-78.1772,Gas,10372.339739994937
20268,USA,United States of America,Hyperion Treatment Plant CHP Plant,33.0,33.9254,-118.4298,Biomass,8718.987181848906
21348,USA,United States of America,Wolf Hollow II,1231.2,32.3377,-97.7346,Gas,8674.38166545426
19869,USA,United States of America,Colorado Bend II,1230.3,29.2894,-96.0654,Gas,8668.040743184192
19537,USA,United States of America,Aguirre,1492.0,17.9519,-66.2308,Oil,8334.010811804319
20702,USA,United States of America,Oregon Clean Energy Center,1061.5,41.6679,-83.4437,Gas,7478.765544086824
21439,URY,Uruguay,SALTO GRANDE,945.0,-31.2749,-57.9382,Hydro,5928.676853055918
21385,URY,Uruguay,CONSTITUCIÓN,333.0,-33.056,-57.4524,Hydro,2089.1527958387524
21390,URY,Uruguay,DR. GABRIEL TERRA,152.0,-32.8319,-56.4221,Hydro,953.6072821846553
21436,URY,Uruguay,PUNTA DEL TIGRE A,300.0,-34.75,-56.5422,Oil,916.9388707419507
21438,URY,Uruguay,RINCÓN DE BAYGORRIA,108.0,-32.8736,-56.8061,Hydro,677.5630689206763
21407,URY,Uruguay,MONTES DEL PLATA,180.0,-34.2196,-58.0495,Biomass,631.112188030046
21445,URY,Uruguay,UPM,161.0,-33.1148,-58.2567,Biomass,564.4947904046522
21408,URY,Uruguay,MOTORES CENTRAL BATLLE,80.0,-34.8861,-56.1977,Oil,244.51703219785347
21411,URY,Uruguay,PAMPA,141.6,-32.2467,-56.215,Wind,75.10604580484096
21395,URY,Uruguay,GALOFER,14.0,-33.2505,-54.4018,Biomass,49.08650351344802
21460,UZB,Uzbekistan,Syrdarya,3000.0,40.2287,69.1005,Gas,14376.07833993938
21463,UZB,Uzbekistan,Tashkent,2230.0,41.3822,69.3677,Gas,10686.218232688272
21458,UZB,Uzbekistan,Navoi,1758.0,40.1569,65.3104,Gas,8424.381907204477
21452,UZB,Uzbekistan,Charvak,620.0,41.627,69.969,Hydro,6433.859649122806
21462,UZB,Uzbekistan,Talimardjan,800.0,38.4809,65.6315,Gas,3833.620890650501
21461,UZB,Uzbekistan,Takhiatash,730.0,42.3175,59.5553,Gas,3498.179062718583
21459,UZB,Uzbekistan,Novo-Angren power station,2100.0,40.9233,69.8174,Coal,1884.3378271213323
21456,UZB,Uzbekistan,Khodjikent,165.0,41.599,69.8644,Hydro,1712.2368421052633
21453,UZB,Uzbekistan,Farkhad,126.0,40.1924,69.3048,Hydro,1307.5263157894738
21455,UZB,Uzbekistan,Gazalkent,120.0,41.5581,69.7708,Hydro,1245.2631578947369
21501,VEN,Venezuela,Simon Bolivar (Guri),8851.0,7.7659,-62.9982,Hydro,43685.84252235933
21467,VEN,Venezuela,Antonio Jose de Sucre (Macagua),2930.0,8.3039,-62.6677,Hydro,14461.588361824974
21486,VEN,Venezuela,Manuel Piar (Tocoma) Hydroelectric Power Plant Venezuela,2530.0,7.8997,-63.0322,Hydro,12487.3100871731
21475,VEN,Venezuela,Fransisco de Miranda (Caruachi),2196.0,8.16,-62.8,Hydro,10838.787727838786
21490,VEN,Venezuela,Planta Centro,2000.0,10.4949,-68.1552,Gas,3370.513775130305
21497,VEN,Venezuela,Ricardo Zuloaga (Tacoa) Thermal Power Plant Venezuela,1720.0,10.5877,-67.0806,Gas,2898.6418466120617
21480,VEN,Venezuela,Josefa Joaquina Sanchez,1586.0,10.4885,-71.6354,Gas,2672.817423678332
21474,VEN,Venezuela,Fabricio Ojeda (La Vueltosa) Hydroelectric Power Plant Venezuela,514.0,7.747,-71.4668,Hydro,2536.9475829276566
21504,VEN,Venezuela,Termozulia,1300.0,10.4883,-71.6354,Gas,2190.8339538346977
21484,VEN,Venezuela,Leanardo Ruiz Pineda (San Agaton),300.0,7.8535,-71.7146,Hydro,1480.7087059889054
21528,VNM,Vietnam,Ca Mau 1,1542.0,9.242,105.06,Gas,9412.89914662529
21679,VNM,Vietnam,Son La,2400.0,21.4971,103.996,Hydro,8388.348958125001
21652,VNM,Vietnam,Nhon Trach 1,1215.0,10.6428,106.84,Gas,7416.778510473236
21660,VNM,Vietnam,Phu My 1,1108.0,10.6056,107.04,Gas,6763.613653995346
21598,VNM,Vietnam,Hoa Binh,1920.0,20.8082,105.3233,Hydro,6710.679166500001
21661,VNM,Vietnam,Phu My 21,896.0,10.6041,107.04,Gas,5469.492629945696
21662,VNM,Vietnam,Phu My 22,733.0,10.603,107.04,Gas,4474.484484096199
21663,VNM,Vietnam,Phu My 3,733.0,10.6014,107.04,Gas,4474.484484096199
21615,VNM,Vietnam,Lai Chau,1200.0,22.1379,102.9839,Hydro,4194.174479062502
21656,VNM,Vietnam,O Mon 1,660.0,10.1332,105.67,Gas,4028.867339022498
21733,YEM,Yemen,Marib,400.0,15.552,45.7717,Gas,2948.0
21730,YEM,Yemen,Al Mukha,160.0,13.3609,43.2517,Oil,1165.3953488372092
21734,YEM,Yemen,Ras Kanatib,150.0,14.9893,42.9113,Oil,1092.5581395348836
21729,YEM,Yemen,Al Mansoura,139.0,12.8536,44.9752,Oil,1012.4372093023256
21728,YEM,Yemen,Al Hiswa,125.0,12.8271,44.9227,Oil,910.4651162790698
21731,YEM,Yemen,Dhaban,41.0,15.4306,44.1863,Oil,298.63255813953486
21732,YEM,Yemen,Khormaksar,30.0,12.8155,45.0279,Oil,218.51162790697674
21737,ZMB,Zambia,Kafue Gorge,990.0,-15.8089,28.4199,Hydro,6435.916666666666
21738,ZMB,Zambia,Kariba,930.0,-16.5222,28.7619,Hydro,6045.86111111111
21736,ZMB,Zambia,Itezhi- Tezhi,120.0,-15.7688,26.0203,Hydro,780.1111111111112
21748,ZMB,Zambia,Victoria Falls,108.0,-17.9167,25.85,Hydro,702.1
21746,ZMB,Zambia,Ndola,50.0,-12.9667,28.6333,Oil,120.87264150943398
21739,ZMB,Zambia,Luano,40.0,-11.5667,24.1333,Oil,96.69811320754715
21742,ZMB,Zambia,Lusiwasi,12.0,-12.9884,30.8649,Hydro,78.01111111111112
21735,ZMB,Zambia,Bancroft Copperbelt,20.0,-12.3786,27.8317,Oil,48.349056603773576
21747,ZMB,Zambia,Nkana,20.0,-12.8167,28.2,Oil,48.349056603773576
21741,ZMB,Zambia,Lusaka,15.0,-15.433,28.333,Oil,36.261792452830186
